,leadId
0,5198393
1,5219747
2,5202317
3,5261115
4,5186507
5,5193661
6,5274403
7,5269657
8,5185223
9,5191747
10,5193092
11,5226651
12,5188051
13,5255779
14,5185524
15,5203603
16,5244517
17,5226799
18,5227150
19,5235734
20,5340769
21,7539168
22,5229194
23,10250611
24,5367941
25,5207838
26,5212570
27,5229711
28,5245220
29,5187013
30,5258794
31,5263652
32,5189434
33,5191860
34,5201429
35,5226727
36,5231092
37,5232048
38,5235326
39,5245725
40,5246467
41,5246472
42,5251304
43,5360881
44,5237629
45,5400096
46,5470782
47,8370276
48,5262843
49,5206508
50,5185567
51,5221653
52,5466203
53,10165946
54,11969560
55,5218889
56,5225498
57,5231052
58,5233525
59,5251674
60,5270824
61,5362186
62,5367135
63,5190519
64,5193902
65,8906572
66,5185535
67,5185834
68,5186065
69,5186921
70,5186922
71,5191597
72,5198541
73,5235696
74,5380564
75,5380566
76,5391698
77,5472102
78,5233022
79,5246466
80,5258746
81,5258747
82,5366856
83,5306616
84,5228457
85,5250893
86,5235136
87,5288203
88,6371278
89,5226307
90,5229259
91,5231012
92,5231298
93,5231968
94,5268685
95,5351350
96,5368051
97,5368500
98,5258383
99,5187705
100,7509651
101,5216081
102,5187384
103,5185564
104,5198582
105,5230728
106,5380494
107,5380505
108,5380519
109,5380523
110,5380534
111,5380563
112,5380538
113,5380542
114,5380562
115,5380583
116,5380591
117,5380600
118,5380606
119,5380607
120,5380611
121,5380615
122,5380623
123,5380625
124,5380630
125,5380633
126,5380638
127,5380641
128,5380651
129,5380652
130,5380653
131,5380664
132,5380665
133,5380668
134,5380671
135,5380679
136,5380682
137,5380684
138,5380685
139,5380686
140,5380688
141,5380691
142,5380694
143,5380713
144,5380720
145,5380726
146,5380729
147,5380735
148,5380744
149,5380749
150,5380766
151,5380771
152,5380772
153,5380776
154,5380786
155,5380791
156,5380795
157,5380819
158,5380828
159,5380834
160,5380844
161,5380845
162,5380849
163,5380853
164,5380857
165,5380866
166,5380888
167,5380914
168,5380935
169,5380940
170,5380979
171,5381004
172,5381072
173,5381092
174,5381097
175,5381116
176,5381127
177,5381130
178,5381171
179,5381211
180,5381282
181,5381326
182,5381390
183,5381396
184,5381407
185,5381438
186,5381446
187,5381460
188,5381502
189,5381541
190,5381552
191,5381573
192,5381580
193,5381649
194,5381666
195,5381687
196,5381722
197,5381753
198,5381769
199,5381802
200,5381895
201,5381915
202,5382186
203,5382340
204,5382373
205,5382402
206,5382473
207,5382588
208,5382673
209,5382752
210,5382811
211,5382824
212,5382827
213,5382829
214,5382849
215,5382862
216,5382870
217,5382878
218,5382881
219,5382884
220,5382890
221,5382894
222,5382912
223,5382954
224,5382958
225,5382997
226,5383036
227,5383063
228,5383093
229,5383116
230,5383167
231,5383179
232,5383204
233,5383221
234,5383228
235,5383232
236,5383339
237,5383350
238,5383412
239,5383437
240,5383482
241,5383546
242,5383558
243,5383567
244,5383604
245,5383608
246,5383611
247,5383627
248,5383635
249,5383647
250,5383653
251,5383743
252,5383749
253,5383772
254,5383775
255,5383799
256,5383825
257,5383831
258,5383839
259,5383863
260,5383870
261,5383877
262,5383884
263,5383891
264,5383910
265,5383914
266,5383926
267,5383942
268,5383961
269,5383966
270,5383984
271,5383996
272,5384012
273,5384016
274,5384025
275,5384067
276,5384081
277,5384099
278,5384103
279,5384125
280,5384148
281,5384153
282,5384201
283,5384206
284,5384268
285,5384358
286,5384381
287,5384425
288,5384471
289,5384482
290,5384492
291,5384494
292,5384502
293,5384503
294,5384522
295,5384523
296,5384559
297,5384571
298,5384583
299,5384585
300,5384587
301,5384593
302,5384596
303,5384600
304,5384609
305,5384610
306,5384611
307,5384613
308,5384622
309,5384627
310,5384628
311,5384632
312,5384638
313,5384640
314,5384647
315,5384649
316,5384657
317,5384677
318,5384684
319,5384721
320,5384726
321,5384745
322,5384746
323,5384748
324,5384758
325,5384759
326,5384819
327,5384821
328,5384824
329,5384836
330,5384859
331,5384916
332,5384921
333,5384924
334,5384926
335,5384930
336,5384937
337,5384951
338,5384957
339,5384959
340,5384978
341,5385003
342,5385004
343,5385006
344,5385015
345,5385017
346,5385020
347,5385021
348,5385040
349,5385041
350,5385044
351,5385051
352,5385058
353,5385072
354,5385082
355,5385086
356,5385089
357,5385103
358,5385109
359,5385113
360,5385131
361,5385132
362,5385140
363,5385142
364,5385155
365,5385167
366,5385186
367,5385187
368,5385188
369,5385190
370,5385192
371,5385206
372,5385216
373,5385219
374,5385220
375,5385226
376,5385230
377,5385231
378,5385241
379,5385243
380,5385244
381,5385245
382,5385248
383,5385262
384,5385268
385,5385277
386,5385281
387,5385296
388,5385323
389,5385324
390,5385338
391,5385340
392,5385376
393,5385386
394,5385387
395,5385424
396,5385432
397,5385447
398,5385451
399,5385455
400,5385469
401,5385493
402,5385499
403,5385503
404,5385529
405,5385531
406,5385533
407,5385571
408,5385593
409,5385601
410,5385605
411,5385676
412,5385680
413,5385687
414,5385700
415,5385701
416,5385704
417,5385706
418,5385707
419,5385715
420,5385718
421,5385720
422,5385723
423,5385730
424,5385733
425,5385746
426,5385747
427,5385751
428,5385754
429,5385760
430,5385764
431,5385769
432,5385773
433,5385777
434,5385781
435,5385783
436,5385786
437,5385788
438,5385789
439,5385792
440,5385797
441,5385811
442,5385816
443,5385823
444,5385825
445,5385839
446,5385849
447,5385853
448,5385854
449,5385865
450,5385869
451,5385877
452,5385878
453,5385880
454,5385883
455,5385891
456,5385896
457,5385907
458,5385913
459,5385914
460,5385919
461,5385944
462,5385945
463,5386009
464,5386012
465,5386024
466,5386045
467,5386046
468,5386048
469,5386050
470,5386052
471,5386053
472,5386056
473,5386065
474,5386066
475,5386067
476,5386068
477,5386069
478,5386070
479,5386071
480,5386072
481,5386073
482,5386074
483,5386075
484,5386076
485,5386077
486,5386082
487,5386084
488,5386085
489,5386087
490,5386088
491,5386089
492,5386090
493,5386091
494,5386092
495,5386093
496,5386094
497,5386095
498,5386096
499,5386097
500,5386100
501,5386133
502,5386139
503,5386167
504,5386171
505,5386172
506,5386183
507,5386189
508,5386190
509,5386220
510,5386237
511,5386238
512,5386244
513,5386253
514,5386257
515,5386271
516,5386278
517,5386288
518,5386293
519,5386326
520,5386330
521,5386331
522,5386348
523,5386352
524,5386358
525,5386362
526,5386372
527,5386380
528,5386390
529,5386400
530,5386415
531,5386434
532,5386435
533,5386442
534,5386448
535,5386452
536,5386462
537,5386467
538,5386494
539,5386497
540,5386511
541,5386519
542,5386522
543,5386532
544,5386555
545,5386559
546,5386587
547,5386603
548,5386604
549,5386608
550,5386632
551,5386643
552,5386646
553,5386684
554,5386713
555,5386718
556,5386773
557,5386816
558,5386862
559,5386884
560,5386890
561,5386901
562,5386914
563,5386928
564,5386934
565,5386938
566,5386940
567,5386944
568,5386952
569,5386953
570,5386967
571,5386988
572,5387005
573,5387030
574,5387052
575,5387077
576,5387078
577,5387082
578,5387089
579,5387097
580,5387135
581,5387148
582,5387149
583,5387164
584,5387165
585,5387185
586,5387192
587,5387193
588,5387241
589,5387245
590,5387262
591,5387266
592,5387270
593,5387273
594,5387274
595,5387330
596,5387341
597,5387352
598,5387395
599,5387421
600,5387432
601,5387447
602,5387452
603,5387467
604,5387468
605,5387483
606,5387493
607,5387505
608,5387508
609,5387533
610,5387579
611,5387599
612,5387605
613,5387613
614,5387624
615,5387626
616,5387634
617,5387646
618,5387651
619,5387658
620,5387659
621,5387661
622,5387663
623,5387666
624,5387672
625,5387674
626,5387680
627,5387692
628,5387706
629,5387708
630,5387710
631,5387717
632,5387737
633,5387739
634,5387757
635,5387758
636,5387778
637,5387779
638,5387783
639,5387803
640,5387804
641,5387812
642,5387844
643,5387845
644,5387872
645,5387878
646,5387888
647,5387891
648,5387892
649,5387911
650,5387926
651,5387934
652,5387941
653,5388039
654,5388041
655,5388053
656,5388070
657,5389089
658,5389092
659,5389109
660,5389130
661,5389136
662,5389147
663,5389150
664,5389157
665,5389181
666,5389213
667,5389231
668,5389232
669,5389249
670,5389275
671,5389307
672,5389320
673,5389325
674,5389348
675,5389377
676,5389378
677,5389383
678,5389389
679,5389407
680,5389459
681,5389468
682,5389469
683,5389485
684,5389489
685,5389521
686,5389559
687,5389560
688,5389562
689,5389566
690,5389568
691,5389586
692,5389589
693,5389590
694,5389618
695,5389620
696,5389668
697,5389679
698,5389687
699,5389713
700,5389743
701,5389793
702,5389795
703,5389803
704,5389816
705,5389836
706,5389838
707,5389846
708,5389871
709,5389940
710,5389950
711,5389962
712,5389966
713,5389971
714,5389972
715,5389977
716,5389979
717,5389988
718,5390001
719,5390014
720,5390025
721,5390038
722,5390102
723,5390142
724,5390171
725,5390201
726,5390204
727,5390205
728,5390207
729,5390225
730,5390230
731,5390248
732,5390250
733,5390255
734,5390273
735,5390281
736,5390307
737,5390355
738,5390356
739,5390388
740,5390392
741,5390405
742,5390434
743,5390441
744,5390461
745,5390496
746,5390547
747,5390585
748,5390596
749,5390609
750,5390612
751,5390622
752,5390636
753,5390654
754,5390681
755,5390696
756,5390701
757,5390773
758,5390777
759,5390803
760,5390812
761,5390821
762,5390824
763,5390844
764,5390849
765,5390868
766,5390902
767,5390921
768,5390937
769,5390951
770,5390952
771,5390971
772,5390977
773,5390978
774,5390986
775,5391006
776,5391022
777,5391036
778,5391046
779,5391052
780,5391077
781,5391109
782,5391116
783,5391121
784,5391136
785,5391167
786,5391177
787,5391189
788,5391190
789,5391213
790,5391233
791,5391250
792,5391252
793,5391265
794,5391271
795,5391289
796,5391303
797,5391472
798,5391477
799,5391496
800,5391497
801,5391516
802,5391631
803,5391632
804,5391634
805,5391637
806,5391639
807,5391641
808,5391664
809,5391669
810,5391680
811,5391690
812,5391706
813,5391719
814,5391726
815,5391728
816,5391743
817,5391754
818,5391826
819,5391827
820,5391829
821,5391832
822,5391854
823,5391870
824,5391883
825,5391905
826,5391908
827,5391909
828,5391917
829,5391924
830,5391982
831,5391987
832,5391999
833,5392030
834,5392066
835,5392081
836,5392198
837,5392201
838,5392235
839,5392246
840,5392325
841,5392328
842,5392338
843,5392346
844,5392366
845,5392393
846,5392401
847,5392404
848,5392422
849,5392449
850,5392455
851,5392464
852,5392500
853,5392504
854,5392525
855,5392557
856,5392659
857,5392672
858,5392701
859,5392707
860,5392719
861,5392748
862,5392751
863,5392758
864,5392807
865,5392895
866,5392915
867,5392921
868,5392922
869,5392963
870,5392964
871,5392971
872,5392999
873,5393034
874,5393262
875,5393308
876,5393310
877,5393329
878,5393400
879,5393407
880,5393437
881,5393448
882,5393450
883,5393459
884,5393467
885,5393476
886,5393485
887,5393488
888,5393505
889,5393508
890,5393542
891,5393544
892,5393552
893,5393564
894,5393577
895,5393588
896,5393628
897,5393648
898,5393658
899,5393663
900,5393680
901,5393709
902,5393712
903,5393736
904,5393744
905,5393758
906,5393765
907,5393774
908,5393786
909,5393801
910,5393820
911,5393849
912,5393885
913,5393917
914,5393921
915,5393955
916,5393965
917,5393997
918,5394147
919,5394151
920,5394156
921,5394162
922,5394169
923,5394182
924,5394203
925,5394213
926,5394221
927,5394227
928,5394230
929,5394231
930,5394248
931,5394267
932,5394271
933,5394277
934,5394288
935,5394291
936,5394293
937,5394294
938,5394313
939,5394326
940,5394342
941,5394352
942,5394490
943,5394504
944,5394515
945,5394546
946,5394591
947,5394596
948,5394620
949,5394621
950,5394641
951,5394695
952,5394747
953,5394752
954,5394769
955,5394797
956,5394800
957,5394804
958,5394805
959,5394807
960,5394872
961,5394884
962,5394897
963,5394908
964,5394936
965,5394937
966,5394939
967,5394970
968,5394972
969,5394985
970,5395000
971,5395021
972,5395052
973,5395082
974,5395105
975,5395118
976,5395138
977,5395146
978,5395308
979,5395316
980,5395400
981,5395409
982,5395453
983,5395456
984,5395465
985,5395510
986,5395514
987,5395609
988,5395747
989,5395765
990,5395780
991,5395781
992,5395785
993,5395800
994,5395821
995,5395833
996,5395849
997,5395851
998,5395852
999,5395869
1000,5395871
1001,5395885
1002,5395886
1003,5395900
1004,5395906
1005,5395928
1006,5395932
1007,5395935
1008,5395942
1009,5395971
1010,5395994
1011,5396059
1012,5396067
1013,5396081
1014,5396083
1015,5396090
1016,5396092
1017,5396122
1018,5396170
1019,5396206
1020,5396244
1021,5396246
1022,5396250
1023,5397282
1024,5397292
1025,5397296
1026,5397298
1027,5397354
1028,5397382
1029,5397389
1030,5397392
1031,5397426
1032,5397439
1033,5397456
1034,5397467
1035,5397488
1036,5397498
1037,5397552
1038,5397601
1039,5397673
1040,5397768
1041,5397805
1042,5397812
1043,5397889
1044,5397907
1045,5397910
1046,5397917
1047,5397932
1048,5397949
1049,5397975
1050,5398171
1051,5398248
1052,5398249
1053,5398281
1054,5398296
1055,5398315
1056,5398330
1057,5398353
1058,5398367
1059,5398387
1060,5398450
1061,5398453
1062,5398463
1063,5398509
1064,5398538
1065,5398550
1066,5398565
1067,5398654
1068,5398658
1069,5398662
1070,5398735
1071,5398737
1072,5398771
1073,5398796
1074,5398811
1075,5398812
1076,5398818
1077,5398844
1078,5398864
1079,5398874
1080,5398906
1081,5398952
1082,5398959
1083,5398965
1084,5399019
1085,5399038
1086,5399063
1087,5399078
1088,5399107
1089,5399112
1090,5399140
1091,5399159
1092,5399165
1093,5399175
1094,5399182
1095,5399186
1096,5399215
1097,5399217
1098,5399231
1099,5399236
1100,5399276
1101,5399285
1102,5399293
1103,5399323
1104,5399329
1105,5399336
1106,5399395
1107,5399397
1108,5399405
1109,5399435
1110,5399463
1111,5399469
1112,5399471
1113,5399483
1114,5399498
1115,5399555
1116,5399562
1117,5399586
1118,5399587
1119,5399617
1120,5399661
1121,5399662
1122,5399671
1123,5399682
1124,5399704
1125,5399708
1126,5399715
1127,5399736
1128,5399761
1129,5399762
1130,5399774
1131,5399775
1132,5399784
1133,5399785
1134,5399796
1135,5399812
1136,5399873
1137,5399956
1138,5399969
1139,5400024
1140,5400070
1141,5400085
1142,5400119
1143,5400158
1144,5400167
1145,5400168
1146,5400202
1147,5400212
1148,5400213
1149,5400235
1150,5400264
1151,5400269
1152,5400272
1153,5400286
1154,5400287
1155,5400293
1156,5400303
1157,5400316
1158,5400425
1159,5400542
1160,5400560
1161,5400578
1162,5400622
1163,5400623
1164,5400647
1165,5400667
1166,5400669
1167,5400677
1168,5400688
1169,5400720
1170,5400761
1171,5400815
1172,5400824
1173,5400830
1174,5400833
1175,5400842
1176,5400870
1177,5400874
1178,5400883
1179,5400885
1180,5400897
1181,5400900
1182,5400945
1183,5400954
1184,5400960
1185,5400969
1186,5400993
1187,5401014
1188,5401037
1189,5401047
1190,5401053
1191,5401056
1192,5401066
1193,5401135
1194,5401138
1195,5401154
1196,5401172
1197,5401181
1198,5401225
1199,5401318
1200,5401364
1201,5401388
1202,5401428
1203,5401456
1204,5401479
1205,5401499
1206,5401512
1207,5401553
1208,5401558
1209,5401560
1210,5401592
1211,5401665
1212,5401700
1213,5401717
1214,5401718
1215,5401746
1216,5401754
1217,5401810
1218,5401813
1219,5401814
1220,5401851
1221,5401860
1222,5401862
1223,5401863
1224,5401893
1225,5401972
1226,5402020
1227,5402054
1228,5402153
1229,5402183
1230,5402189
1231,5402199
1232,5403287
1233,5403299
1234,5403431
1235,5403435
1236,5403450
1237,5403507
1238,5403513
1239,5403520
1240,5404543
1241,5404545
1242,5404603
1243,5404645
1244,5404655
1245,5404682
1246,5404693
1247,5404741
1248,5404807
1249,5404826
1250,5404832
1251,5404858
1252,5404886
1253,5404899
1254,5404914
1255,5404920
1256,5404921
1257,5404936
1258,5404979
1259,5404980
1260,5405016
1261,5405043
1262,5405067
1263,5405245
1264,5405274
1265,5405311
1266,5405340
1267,5405413
1268,5405419
1269,5406456
1270,5406924
1271,5407009
1272,5407012
1273,5407055
1274,5407220
1275,5407223
1276,5407226
1277,5407442
1278,5407469
1279,5407551
1280,5407648
1281,5407670
1282,5407689
1283,5407846
1284,5408129
1285,5408622
1286,5409102
1287,5409317
1288,5409339
1289,5409365
1290,5409406
1291,5409461
1292,5409555
1293,5409666
1294,5409701
1295,5409709
1296,5409715
1297,5409732
1298,5409770
1299,5409777
1300,5409790
1301,5410006
1302,5410012
1303,5410076
1304,5410125
1305,5410232
1306,5410245
1307,5410269
1308,5410347
1309,5410360
1310,5410400
1311,5410412
1312,5410432
1313,5410441
1314,5410458
1315,5410488
1316,5410513
1317,5410514
1318,5410526
1319,5410536
1320,5410551
1321,5410759
1322,5410763
1323,5410813
1324,5410836
1325,5410881
1326,5410992
1327,5411100
1328,5411112
1329,5411124
1330,5411130
1331,5411134
1332,5411156
1333,5411175
1334,5411198
1335,5411203
1336,5411210
1337,5411215
1338,5411219
1339,5411398
1340,5411400
1341,5411443
1342,5411449
1343,5411468
1344,5411474
1345,5411475
1346,5411496
1347,5411500
1348,5411729
1349,5411750
1350,5411766
1351,5411774
1352,5411791
1353,5411801
1354,5412360
1355,5412422
1356,5412756
1357,5413392
1358,5415492
1359,5415749
1360,5416280
1361,5416458
1362,5416473
1363,5416525
1364,5416756
1365,5416826
1366,5416840
1367,5417488
1368,5417585
1369,5417723
1370,5418031
1371,5418038
1372,5418065
1373,5418103
1374,5418290
1375,5418782
1376,5418966
1377,5419133
1378,5419286
1379,5419343
1380,5419372
1381,5419667
1382,5419835
1383,5419868
1384,5419918
1385,5419961
1386,5420363
1387,5420405
1388,5421108
1389,5421165
1390,5421185
1391,5421246
1392,5421285
1393,5421294
1394,5421303
1395,5423270
1396,5423480
1397,5423872
1398,5423892
1399,5424132
1400,5424306
1401,5424323
1402,5424516
1403,5424824
1404,5424835
1405,5424842
1406,5424846
1407,5424966
1408,5425024
1409,5425027
1410,5425030
1411,5425036
1412,5425045
1413,5425051
1414,5425085
1415,5425591
1416,5425607
1417,5425712
1418,5425818
1419,5425924
1420,5426078
1421,5426110
1422,5426634
1423,5426635
1424,5426662
1425,5426742
1426,5426779
1427,5426783
1428,5426877
1429,5426913
1430,5426919
1431,5426952
1432,5427165
1433,5427243
1434,5427379
1435,5427534
1436,5427795
1437,5427864
1438,5429097
1439,5429144
1440,5429181
1441,5429184
1442,5429185
1443,5429188
1444,5429213
1445,5429264
1446,5429272
1447,5429316
1448,5429399
1449,5429983
1450,5430039
1451,5430069
1452,5430158
1453,5430335
1454,5430420
1455,5430437
1456,5430533
1457,5430668
1458,5430766
1459,5430774
1460,5430782
1461,5430793
1462,5430802
1463,5430826
1464,5431125
1465,5431239
1466,5431288
1467,5431334
1468,5431376
1469,5431380
1470,5431431
1471,5431527
1472,5431586
1473,5431606
1474,5431891
1475,5431897
1476,5432091
1477,5432115
1478,5432185
1479,5432224
1480,5432254
1481,5432260
1482,5432467
1483,5432489
1484,5432535
1485,5432587
1486,5432664
1487,5432695
1488,5432783
1489,5432904
1490,5433340
1491,5433629
1492,5433824
1493,5434051
1494,5434367
1495,5434564
1496,5434670
1497,5434681
1498,5434980
1499,5435019
1500,5435183
1501,5435233
1502,5436109
1503,5436155
1504,5436188
1505,5436399
1506,5436474
1507,5436498
1508,5436605
1509,5436784
1510,5436811
1511,5437016
1512,5437029
1513,5437350
1514,5437653
1515,5437763
1516,5437828
1517,5437894
1518,5437900
1519,5437937
1520,5438463
1521,5438525
1522,5438573
1523,5438605
1524,5438664
1525,5438854
1526,5439155
1527,5439168
1528,5439257
1529,5439299
1530,5439352
1531,5439416
1532,5439558
1533,5439662
1534,5439784
1535,5439861
1536,5440314
1537,5440393
1538,5441023
1539,5441153
1540,5441229
1541,5441310
1542,5442016
1543,5442250
1544,5442306
1545,5442334
1546,5442762
1547,5442852
1548,5442862
1549,5443127
1550,5443298
1551,5443299
1552,5443315
1553,5443332
1554,5443390
1555,5443408
1556,5443439
1557,5443458
1558,5443480
1559,5443498
1560,5443506
1561,5443516
1562,5443525
1563,5443562
1564,5443604
1565,5443644
1566,5443676
1567,5443720
1568,5443738
1569,5443746
1570,5443832
1571,5443833
1572,5443965
1573,5443966
1574,5443973
1575,5443978
1576,5444021
1577,5444026
1578,5444027
1579,5444063
1580,5444131
1581,5444132
1582,5444155
1583,5444160
1584,5444164
1585,5444173
1586,5444204
1587,5444233
1588,5444277
1589,5444280
1590,5444296
1591,5444313
1592,5444346
1593,5444364
1594,5444366
1595,5444407
1596,5444416
1597,5444445
1598,5444471
1599,5444500
1600,5444508
1601,5444519
1602,5444526
1603,5444561
1604,5444564
1605,5444597
1606,5444625
1607,5444644
1608,5444663
1609,5444707
1610,5444753
1611,5444756
1612,5444793
1613,5444824
1614,5444829
1615,5444881
1616,5444890
1617,5445896
1618,5445901
1619,5445909
1620,5445913
1621,5445930
1622,5445937
1623,5445938
1624,5445943
1625,5445968
1626,5445977
1627,5446017
1628,5446022
1629,5446027
1630,5446053
1631,5446063
1632,5447075
1633,5447130
1634,5447213
1635,5447225
1636,5447256
1637,5447259
1638,5447335
1639,5447571
1640,5447742
1641,5448833
1642,5448848
1643,5448914
1644,5449075
1645,5449187
1646,5449221
1647,5449285
1648,5449292
1649,5449429
1650,5449467
1651,5449470
1652,5449487
1653,5449680
1654,5452142
1655,5452144
1656,5452214
1657,5452231
1658,5452247
1659,5452429
1660,5452539
1661,5452601
1662,5452609
1663,5452616
1664,5452657
1665,5452960
1666,5453005
1667,5453483
1668,5453499
1669,5453522
1670,5453887
1671,5453933
1672,5454013
1673,5454026
1674,5454042
1675,5454100
1676,5454255
1677,5454314
1678,5454342
1679,5454343
1680,5454345
1681,5454543
1682,5454567
1683,5454587
1684,5454678
1685,5454810
1686,5454865
1687,5454888
1688,5454900
1689,5454923
1690,5454948
1691,5455087
1692,5455222
1693,5455273
1694,5455301
1695,5455332
1696,5455366
1697,5455456
1698,5455459
1699,5455464
1700,5455923
1701,5455926
1702,5455944
1703,5455961
1704,5455986
1705,5456693
1706,5456704
1707,5456726
1708,5456840
1709,5456859
1710,5456935
1711,5456994
1712,5457002
1713,5457005
1714,5457028
1715,5457253
1716,5457419
1717,5457504
1718,5457543
1719,5457552
1720,5457585
1721,5457609
1722,5457646
1723,5458045
1724,5458061
1725,5458082
1726,5458090
1727,5458110
1728,5458123
1729,5458124
1730,5458131
1731,5458137
1732,5458321
1733,5458358
1734,5458381
1735,5458382
1736,5458399
1737,5458416
1738,5458426
1739,5458464
1740,5458507
1741,5458590
1742,5458660
1743,5458664
1744,5458676
1745,5458977
1746,5459006
1747,5459008
1748,5459114
1749,5459176
1750,5459227
1751,5459291
1752,5459711
1753,5459782
1754,5459851
1755,5460031
1756,5460065
1757,5460071
1758,5460449
1759,5460462
1760,5460618
1761,5460632
1762,5460874
1763,5460927
1764,5460932
1765,5460983
1766,5461012
1767,5461024
1768,5461032
1769,5461052
1770,5461058
1771,5461070
1772,5461074
1773,5461087
1774,5461207
1775,5461212
1776,5461213
1777,5461268
1778,5461269
1779,5461291
1780,5461316
1781,5461327
1782,5461472
1783,5462012
1784,5462528
1785,5462530
1786,5462609
1787,5462611
1788,5462744
1789,5462747
1790,5462771
1791,5463152
1792,5463161
1793,5463162
1794,5463345
1795,5463462
1796,5463536
1797,5463585
1798,5464168
1799,5464182
1800,5464224
1801,5464552
1802,5464555
1803,5464694
1804,5464710
1805,5464750
1806,5464792
1807,5464810
1808,5464811
1809,5464856
1810,5464933
1811,5464972
1812,5465033
1813,5465094
1814,5465134
1815,5465233
1816,5465323
1817,5465393
1818,5465396
1819,5465432
1820,5465449
1821,5465890
1822,5465970
1823,5466044
1824,5466208
1825,5466233
1826,5466297
1827,5466454
1828,5466461
1829,5466487
1830,5466703
1831,5466760
1832,5466965
1833,5467026
1834,5467027
1835,5467049
1836,5467050
1837,5467053
1838,5467156
1839,5467173
1840,5467273
1841,5467276
1842,5467326
1843,5467832
1844,5467857
1845,5469056
1846,5469097
1847,5469166
1848,5469293
1849,5469455
1850,5469483
1851,5469485
1852,5469502
1853,5469528
1854,5469532
1855,5469584
1856,5469815
1857,5469881
1858,5469891
1859,5469905
1860,5469910
1861,5469935
1862,5470007
1863,5470010
1864,5470070
1865,5470072
1866,5470119
1867,5470121
1868,5470140
1869,5470170
1870,5470195
1871,5470237
1872,5470251
1873,5470306
1874,5470331
1875,5470337
1876,5470371
1877,5470437
1878,5470496
1879,5470548
1880,5470639
1881,5470658
1882,5470669
1883,5470673
1884,5470727
1885,5470738
1886,5470772
1887,5470829
1888,5470847
1889,5470853
1890,5470888
1891,5470904
1892,5470936
1893,5471001
1894,5471006
1895,5471047
1896,5471114
1897,5471165
1898,5471168
1899,5471169
1900,5471226
1901,5471304
1902,5471314
1903,5471339
1904,5471395
1905,5471400
1906,5471401
1907,5471417
1908,5471420
1909,5471529
1910,5471668
1911,5471676
1912,5471754
1913,5471854
1914,5471875
1915,5471939
1916,5471952
1917,5471958
1918,5471964
1919,5471973
1920,5471982
1921,5471996
1922,5472012
1923,5472031
1924,5472032
1925,5472046
1926,5472049
1927,5472063
1928,5472076
1929,5472077
1930,5472125
1931,5472131
1932,5472226
1933,5472228
1934,5472232
1935,5472239
1936,5472248
1937,5472261
1938,5472279
1939,5472284
1940,5472326
1941,5472333
1942,5472338
1943,5472353
1944,5472398
1945,5472458
1946,5472459
1947,5472482
1948,5472511
1949,5472524
1950,5472572
1951,5472573
1952,5472594
1953,5472608
1954,5472612
1955,5472660
1956,5472689
1957,5472722
1958,5472732
1959,5472749
1960,5472757
1961,5472760
1962,5472762
1963,5472781
1964,5472862
1965,5472867
1966,5472880
1967,5472990
1968,5473157
1969,5473279
1970,5473282
1971,5473383
1972,5473391
1973,5473556
1974,5473604
1975,5473638
1976,5473642
1977,5473799
1978,5473910
1979,5473948
1980,5474060
1981,5474062
1982,5474063
1983,5474188
1984,5474390
1985,5474602
1986,5474609
1987,5474662
1988,5474722
1989,5474966
1990,5475019
1991,5475079
1992,5475100
1993,5475252
1994,5476160
1995,5476191
1996,5476289
1997,5476806
1998,5476834
1999,5477097
2000,5477195
2001,5477217
2002,5477367
2003,5477374
2004,5477744
2005,5478301
2006,5478303
2007,5478314
2008,5478321
2009,5478323
2010,5478338
2011,5478375
2012,5478412
2013,5478413
2014,5478472
2015,5478517
2016,5478543
2017,5478566
2018,5496472
2019,5496492
2020,5496534
2021,5496551
2022,5496830
2023,5496926
2024,5497036
2025,5497074
2026,5497593
2027,5497928
2028,5497959
2029,5498055
2030,5498104
2031,5498230
2032,5498237
2033,5498241
2034,5498301
2035,5498335
2036,5498518
2037,5498526
2038,5498565
2039,5498602
2040,5498604
2041,5498640
2042,5498743
2043,5498762
2044,5498778
2045,5498851
2046,5498951
2047,5498973
2048,5498977
2049,5499032
2050,5499050
2051,5499054
2052,5499410
2053,5499492
2054,5499497
2055,5499532
2056,5500086
2057,5500323
2058,5500332
2059,5500368
2060,5500397
2061,5500984
2062,5501030
2063,5501032
2064,5501036
2065,5501483
2066,5501559
2067,5501764
2068,5501802
2069,5501864
2070,5501869
2071,5501922
2072,5501961
2073,5502042
2074,5502046
2075,5502336
2076,5502444
2077,5502513
2078,5504787
2079,5504871
2080,5504880
2081,5505068
2082,5505374
2083,5505401
2084,5505539
2085,5506073
2086,5506082
2087,5506588
2088,5506755
2089,5506815
2090,5506866
2091,5506873
2092,5506932
2093,5506942
2094,5507070
2095,5507145
2096,5507148
2097,5507150
2098,5507389
2099,5507469
2100,5508280
2101,5508316
2102,5508348
2103,5508515
2104,5508564
2105,5508584
2106,5508587
2107,5508598
2108,5508727
2109,5508731
2110,5508795
2111,5508826
2112,5508840
2113,5508937
2114,5508999
2115,5509079
2116,5509254
2117,5509293
2118,5509332
2119,5509402
2120,5509440
2121,5509455
2122,5509483
2123,5509518
2124,5509732
2125,5510803
2126,5510807
2127,5510808
2128,5510877
2129,5510881
2130,5510890
2131,5510893
2132,5510906
2133,5510929
2134,5511001
2135,5511065
2136,5511069
2137,5511109
2138,5511122
2139,5511195
2140,5511198
2141,5511199
2142,5511239
2143,5511242
2144,5511246
2145,5511267
2146,5511275
2147,5511289
2148,5511362
2149,5511447
2150,5511631
2151,5511634
2152,5511643
2153,5511651
2154,5511659
2155,5511719
2156,5511850
2157,5511882
2158,5511883
2159,5511918
2160,5511919
2161,5511924
2162,5511930
2163,5511932
2164,5511934
2165,5511938
2166,5511940
2167,5511944
2168,5511946
2169,5511957
2170,5511966
2171,5511978
2172,5511993
2173,5712307
2174,5713792
2175,5713797
2176,5713799
2177,5713812
2178,5713820
2179,5713823
2180,5713826
2181,5713829
2182,5713830
2183,5713831
2184,5713832
2185,5713833
2186,5713837
2187,5713843
2188,5713846
2189,5713851
2190,5713852
2191,5713857
2192,5713861
2193,5713901
2194,5713908
2195,5713917
2196,5713919
2197,5713929
2198,5713932
2199,5713944
2200,5713952
2201,5713954
2202,5713968
2203,5713978
2204,5714014
2205,5714023
2206,5714051
2207,5714056
2208,5714061
2209,5714066
2210,5714067
2211,5714070
2212,5714108
2213,5714153
2214,5714163
2215,5714240
2216,5714241
2217,5714259
2218,5714283
2219,5714304
2220,5714309
2221,5714328
2222,5714339
2223,5714348
2224,5714354
2225,5714355
2226,5714360
2227,5714361
2228,5714363
2229,5714365
2230,5714399
2231,5714403
2232,5714412
2233,5714413
2234,5714424
2235,5714435
2236,5714479
2237,5714487
2238,5714512
2239,5714541
2240,5714544
2241,5714545
2242,5714550
2243,5714611
2244,5714617
2245,5714644
2246,5714649
2247,5714664
2248,5714667
2249,5714675
2250,5714706
2251,5714726
2252,5714738
2253,5714813
2254,5714833
2255,5714882
2256,5714891
2257,5714894
2258,5714903
2259,5714904
2260,5714909
2261,5714928
2262,5714931
2263,5714938
2264,5714960
2265,5715015
2266,5715017
2267,5715018
2268,5715019
2269,5715020
2270,5715023
2271,5715024
2272,5715025
2273,5715027
2274,5715028
2275,5715034
2276,5715049
2277,5715051
2278,5715054
2279,5715059
2280,5715066
2281,5715069
2282,5715075
2283,5715090
2284,5715091
2285,5715093
2286,5715100
2287,5715104
2288,5715105
2289,5715108
2290,5715117
2291,5715120
2292,5715121
2293,5715123
2294,5715127
2295,5715144
2296,5715149
2297,5715150
2298,5715151
2299,5715153
2300,5715155
2301,5715159
2302,5715160
2303,5715161
2304,5715162
2305,5715163
2306,5715165
2307,5715168
2308,5715172
2309,5715173
2310,5715175
2311,5715179
2312,5716986
2313,5716989
2314,5716997
2315,5717002
2316,5717003
2317,5717009
2318,5717084
2319,5717091
2320,5717116
2321,5717131
2322,5717134
2323,5717137
2324,5717143
2325,5717150
2326,5717159
2327,5717166
2328,5717169
2329,5717240
2330,5717251
2331,5717316
2332,5717338
2333,5717369
2334,5717379
2335,5717384
2336,5719202
2337,5719203
2338,5719205
2339,5719442
2340,5719541
2341,5719556
2342,5719562
2343,5719563
2344,5719596
2345,5719775
2346,5719850
2347,5719852
2348,5719856
2349,5719881
2350,5719883
2351,5719892
2352,5719897
2353,5719898
2354,5720107
2355,5720207
2356,5720372
2357,5720385
2358,5720395
2359,5720397
2360,5720404
2361,5720409
2362,5720415
2363,5720416
2364,5720427
2365,5720429
2366,5722189
2367,5722190
2368,5722192
2369,5722200
2370,5722223
2371,5722226
2372,5722229
2373,5722230
2374,5722240
2375,5722245
2376,5722251
2377,5722256
2378,5722264
2379,5722265
2380,5722269
2381,5722293
2382,5722332
2383,5722379
2384,5722406
2385,5722409
2386,5722414
2387,5722430
2388,5722431
2389,5722436
2390,5722438
2391,5722439
2392,5722460
2393,5722678
2394,5722712
2395,5722719
2396,5722751
2397,5722772
2398,5722777
2399,5722783
2400,5722809
2401,5722917
2402,5722924
2403,5722929
2404,5722932
2405,5722942
2406,5722944
2407,5722949
2408,5722951
2409,5722963
2410,5722964
2411,5722968
2412,5722977
2413,5722995
2414,5723005
2415,5723007
2416,5723012
2417,5723127
2418,5723180
2419,5723183
2420,5723196
2421,5723202
2422,5723210
2423,5723212
2424,5723222
2425,5723228
2426,5723234
2427,5734582
2428,5734587
2429,5734589
2430,5192048
2431,13018545
2432,13913023
2433,5191027
2434,5184812
2435,5190805
2436,5194809
2437,5208534
2438,5229023
2439,5367923
2440,5438427
2441,7521095
2442,5190591
2443,5194784
2444,5231128
2445,5306665
2446,5186173
2447,5392309
2448,5389774
2449,5185270
2450,5186916
2451,5192841
2452,5200797
2453,5210168
2454,5367362
2455,5368731
2456,5411787
2457,5191269
2458,5194690
2459,5199294
2460,5223875
2461,5395191
2462,5198319
2463,5184770
2464,5187942
2465,5274820
2466,5185534
2467,5187658
2468,5230394
2469,5186048
2470,5229406
2471,5500134
2472,5191500
2473,5246695
2474,5307958
2475,5207953
2476,5227035
2477,5184892
2478,5397895
2479,5185692
2480,5338216
2481,5198955
2482,7187528
2483,5197728
2484,5192067
2485,5237868
2486,9738135
2487,5220038
2488,5311763
2489,5204473
2490,5205580
2491,5251055
2492,5199564
2493,5230975
2494,5212193
2495,5287030
2496,7273566
2497,5265874
2498,9930062
2499,5290679
2500,10321847
2501,5328066
2502,5225871
2503,5351079
2504,5212148
2505,5184969
2506,6005556
2507,5197873
2508,5342359
2509,5195682
2510,5199123
2511,5302492
2512,7518538
2513,5263826
2514,5286107
2515,8330565
2516,8494674
2517,8509081
2518,8488240
2519,5341818
2520,5287579
2521,5272645
2522,5351067
2523,10073651
2524,5350184
2525,5300710
2526,5303808
2527,5279217
2528,5218930
2529,10321870
2530,5249624
2531,5241852
2532,9971058
2533,5498228
2534,5281614
2535,12018973
2536,12211199
2537,5286841
2538,5287688
2539,5272215
2540,10523792
2541,12372373
2542,12465745
2543,5198408
2544,5369429
2545,12661762
2546,12852976
2547,5309015
2548,5196795
2549,5309303
2550,5288788
2551,5184978
2552,11600327
2553,5213627
2554,5201496
2555,5340142
2556,5329336
2557,5269691
2558,5276451
2559,5184692
2560,6277582
2561,5207318
2562,5347590
2563,5350918
2564,5192272
2565,6500944
2566,5452987
2567,5202476
2568,5186701
2569,5221376
2570,9861865
2571,5195969
2572,5195430
2573,5238977
2574,10058646
2575,7535896
2576,5264639
2577,5283174
2578,5316962
2579,5202657
2580,10658655
2581,5187334
2582,5213363
2583,5200326
2584,7582866
2585,5232847
2586,5361353
2587,5186545
2588,5364479
2589,5278010
2590,5560861
2591,5274573
2592,5293501
2593,5339485
2594,5261953
2595,7064906
2596,7566210
2597,5233991
2598,9941468
2599,5186663
2600,5369313
2601,5335215
2602,5299672
2603,5361559
2604,5299691
2605,5356145
2606,5301951
2607,7929999
2608,5292053
2609,5369563
2610,5306749
2611,5202825
2612,5356238
2613,12369749
2614,5335284
2615,6153909
2616,5192936
2617,5304983
2618,5186433
2619,12622799
2620,5274797
2621,5541181
2622,5259725
2623,5352354
2624,5215467
2625,5307272
2626,6142466
2627,5368148
2628,5255880
2629,5369554
2630,5190050
2631,6248744
2632,5199376
2633,5342456
2634,5206461
2635,5202375
2636,5367444
2637,7697766
2638,5219406
2639,5220636
2640,5186720
2641,6851180
2642,7585165
2643,5267468
2644,5185357
2645,5227761
2646,9043680
2647,9972073
2648,5186215
2649,9563648
2650,5320472
2651,5196360
2652,5213232
2653,6083385
2654,5211268
2655,5507259
2656,5280477
2657,5314722
2658,5283809
2659,5196411
2660,5329853
2661,5249081
2662,5278848
2663,5204018
2664,5206334
2665,11035353
2666,10865569
2667,10752747
2668,11176338
2669,5267651
2670,11440423
2671,5187570
2672,10478128
2673,5263134
2674,11632334
2675,5369575
2676,11765350
2677,5208058
2678,5195656
2679,5278713
2680,5410847
2681,5301816
2682,5393419
2683,12108740
2684,5256216
2685,5361053
2686,5197797
2687,5331840
2688,5204325
2689,5202655
2690,5210074
2691,5264423
2692,5194221
2693,5324480
2694,5391839
2695,5199987
2696,5193497
2697,13021245
2698,12748238
2699,12695516
2700,5359466
2701,5195284
2702,5301911
2703,5185865
2704,5423191
2705,13305825
2706,5282193
2707,5216346
2708,5195147
2709,5312443
2710,5841456
2711,5326852
2712,5248710
2713,5206476
2714,5366957
2715,5185401
2716,5297499
2717,5220531
2718,5239012
2719,5197275
2720,5300522
2721,5203099
2722,8307734
2723,5251434
2724,9244792
2725,9364043
2726,5189203
2727,9524522
2728,5357117
2729,5248479
2730,10265538
2731,5293950
2732,6871129
2733,5247757
2734,5218283
2735,5338014
2736,5346869
2737,5186030
2738,5296106
2739,5259324
2740,5230606
2741,5292134
2742,5258754
2743,5278279
2744,5190364
2745,5332484
2746,5195887
2747,5275584
2748,5318127
2749,6018898
2750,5207077
2751,5264460
2752,5205343
2753,7534346
2754,6128647
2755,5366688
2756,5202752
2757,5334866
2758,5213958
2759,5212830
2760,5193363
2761,5342161
2762,5353458
2763,5367338
2764,5358195
2765,9824170
2766,5222438
2767,10184715
2768,5247878
2769,5343404
2770,10494572
2771,11022407
2772,5322387
2773,5332062
2774,5408155
2775,11715717
2776,10184321
2777,5218514
2778,5204359
2779,5188840
2780,5196317
2781,5218728
2782,5256532
2783,5367050
2784,6985537
2785,6981906
2786,5247933
2787,5362464
2788,5291194
2789,8077718
2790,5501880
2791,5332975
2792,9113308
2793,5474790
2794,5191284
2795,5240554
2796,5432461
2797,5367581
2798,11329150
2799,5283515
2800,11304430
2801,12347354
2802,5274651
2803,5225756
2804,12398510
2805,10996746
2806,12468145
2807,10067348
2808,5225143
2809,5208615
2810,5308477
2811,5235959
2812,5212014
2813,5363174
2814,5210412
2815,5290522
2816,5201221
2817,6613854
2818,6859279
2819,5234800
2820,8331838
2821,8363680
2822,5369578
2823,5201972
2824,5269269
2825,6754223
2826,7509491
2827,5199333
2828,5189915
2829,5255237
2830,5300033
2831,5254361
2832,5329407
2833,5424668
2834,9376531
2835,5188894
2836,5186730
2837,5185614
2838,5369367
2839,5343356
2840,6175894
2841,6633728
2842,6678720
2843,5361745
2844,5362054
2845,5456643
2846,5297402
2847,8387551
2848,5218144
2849,5424676
2850,5319472
2851,5352647
2852,8865240
2853,5248295
2854,9047991
2855,5393832
2856,5275068
2857,8405184
2858,5191201
2859,5205417
2860,11488529
2861,11639038
2862,5188202
2863,5349699
2864,5366928
2865,5218433
2866,5432626
2867,5195827
2868,12997792
2869,5206470
2870,5231637
2871,5278967
2872,5184866
2873,5184933
2874,5185239
2875,5185320
2876,5185424
2877,5185458
2878,5185650
2879,5185819
2880,5185830
2881,5186217
2882,5186461
2883,5186540
2884,5186554
2885,5186558
2886,5187006
2887,5187679
2888,5187749
2889,5187760
2890,5187780
2891,5188025
2892,5188244
2893,5188329
2894,5188366
2895,5188433
2896,5188468
2897,5188880
2898,5189088
2899,5189221
2900,5189263
2901,5189336
2902,5189923
2903,5189983
2904,5190012
2905,5190061
2906,5190251
2907,5190264
2908,5190354
2909,5190380
2910,5190885
2911,5190913
2912,5191509
2913,5191550
2914,5191572
2915,5191964
2916,5192180
2917,5192216
2918,5192359
2919,5192503
2920,5192577
2921,5192604
2922,5192727
2923,5192783
2924,5192882
2925,5192927
2926,5192956
2927,5193253
2928,5193381
2929,5193465
2930,5193663
2931,5193728
2932,5194087
2933,5194098
2934,5194123
2935,5194246
2936,5194253
2937,5194339
2938,5194374
2939,5194398
2940,5194484
2941,5194890
2942,5194934
2943,5195042
2944,5195125
2945,5195379
2946,5196002
2947,5196285
2948,5196534
2949,5196879
2950,5197012
2951,5197032
2952,5197359
2953,5198384
2954,5198555
2955,5198844
2956,5198906
2957,5198984
2958,5199230
2959,5199982
2960,5200026
2961,5200334
2962,5200403
2963,5200891
2964,5201031
2965,5201264
2966,5201281
2967,5201329
2968,5201631
2969,5201775
2970,5201898
2971,5202212
2972,5202285
2973,5202685
2974,5203544
2975,5203550
2976,5203754
2977,5204253
2978,5204612
2979,5204867
2980,5205419
2981,5206013
2982,5206114
2983,5206486
2984,5206522
2985,5206885
2986,5206950
2987,5207100
2988,5207184
2989,5207268
2990,5207880
2991,5208025
2992,5208854
2993,5209242
2994,5210371
2995,5210551
2996,5211119
2997,5211616
2998,5213045
2999,5213592
3000,5213949
3001,5214058
3002,5214158
3003,5214916
3004,5215159
3005,5215654
3006,5215851
3007,5216028
3008,5216052
3009,5216777
3010,5216791
3011,5217110
3012,5217535
3013,5217539
3014,5217545
3015,5218122
3016,5218211
3017,5218599
3018,5218606
3019,5218710
3020,5218730
3021,5218874
3022,5219356
3023,5219643
3024,5220182
3025,5221073
3026,5221077
3027,5221407
3028,5221554
3029,5222051
3030,5222146
3031,5222702
3032,5222851
3033,5222899
3034,5223902
3035,5223924
3036,5224178
3037,5224752
3038,5224903
3039,5224925
3040,5225064
3041,5225159
3042,5225202
3043,5225221
3044,5226011
3045,5226712
3046,5226904
3047,5227186
3048,5227374
3049,5227404
3050,5227629
3051,5227633
3052,5227703
3053,5227754
3054,5227928
3055,5228914
3056,5228995
3057,5229091
3058,5229275
3059,5229526
3060,5229590
3061,5230101
3062,5230112
3063,5230455
3064,5230638
3065,5230880
3066,5230927
3067,5231307
3068,5231701
3069,5232025
3070,5233176
3071,5233576
3072,5233641
3073,5233663
3074,5234236
3075,5234505
3076,5234685
3077,5235143
3078,5235331
3079,5235744
3080,5236024
3081,5237426
3082,5238027
3083,5239226
3084,5239323
3085,5242936
3086,5243181
3087,5244019
3088,5244065
3089,5244300
3090,5244331
3091,5244871
3092,5245039
3093,5245427
3094,5245451
3095,5246591
3096,5247366
3097,5247581
3098,5247998
3099,5248781
3100,5249072
3101,5249113
3102,5249191
3103,5249281
3104,5250452
3105,5250898
3106,5251053
3107,5251280
3108,5251290
3109,5251776
3110,5251988
3111,5252171
3112,5252539
3113,5252996
3114,5253319
3115,5253463
3116,5253884
3117,5254177
3118,5254907
3119,5255378
3120,5255483
3121,5256010
3122,5256181
3123,5256391
3124,5256402
3125,5256671
3126,5257561
3127,5258395
3128,5258592
3129,5258965
3130,5259207
3131,5259399
3132,5259607
3133,5259758
3134,5260009
3135,5260104
3136,5260157
3137,5261604
3138,5261870
3139,5262085
3140,5263102
3141,5263611
3142,5263688
3143,5263860
3144,5263961
3145,5263974
3146,5264494
3147,5265956
3148,5266261
3149,5266436
3150,5267305
3151,5267369
3152,5268386
3153,5268536
3154,5270443
3155,5270839
3156,5270881
3157,5272351
3158,5274774
3159,5275818
3160,5276298
3161,5276379
3162,5276794
3163,5277046
3164,5277274
3165,5277331
3166,5277557
3167,5279066
3168,5279238
3169,5279384
3170,5279837
3171,5280159
3172,5280418
3173,5280920
3174,5281626
3175,5282399
3176,5283051
3177,5284969
3178,5285975
3179,5286223
3180,5287350
3181,5288731
3182,5288955
3183,5290354
3184,5291874
3185,5295127
3186,5295235
3187,5298715
3188,5299253
3189,5302759
3190,5304380
3191,5304487
3192,5305555
3193,5307713
3194,5308812
3195,5309345
3196,5309412
3197,5314585
3198,5321258
3199,5323957
3200,5324010
3201,5329399
3202,5331245
3203,5337953
3204,5338495
3205,5344624
3206,5348131
3207,5348319
3208,5348772
3209,5348805
3210,5354511
3211,5355127
3212,5357342
3213,5359533
3214,5361095
3215,5362045
3216,5365445
3217,5365830
3218,5366651
3219,5366924
3220,5367354
3221,5367778
3222,5367909
3223,5368081
3224,5368199
3225,5368313
3226,5368376
3227,5368449
3228,5368622
3229,5368750
3230,5369332
3231,5210808
3232,5188827
3233,5589161
3234,5191568
3235,5300030
3236,5276656
3237,5187574
3238,6277600
3239,5368340
3240,5264390
3241,5201975
3242,7594482
3243,5454242
3244,7600847
3245,5231628
3246,5354200
3247,5231290
3248,5339985
3249,9525141
3250,9481589
3251,5865664
3252,9761725
3253,5313006
3254,5296340
3255,5348112
3256,5186768
3257,5193095
3258,5324825
3259,11742122
3260,12505544
3261,5335702
3262,5185005
3263,5186387
3264,5186870
3265,5187625
3266,5188906
3267,5189670
3268,5189735
3269,5189869
3270,5190440
3271,5190678
3272,5191628
3273,5193972
3274,5194282
3275,5195700
3276,5195850
3277,5198661
3278,5199424
3279,5200446
3280,5201352
3281,5202161
3282,5202820
3283,5203042
3284,5204007
3285,5204082
3286,5204750
3287,5205766
3288,5208250
3289,5209139
3290,5209202
3291,5210448
3292,5210475
3293,5210542
3294,5210628
3295,5211505
3296,5211872
3297,5215772
3298,5218659
3299,5222088
3300,5222631
3301,5224837
3302,5228600
3303,5231169
3304,5233255
3305,5234145
3306,5237634
3307,5239486
3308,5240346
3309,5240798
3310,5241816
3311,5242392
3312,5242894
3313,5243100
3314,5245300
3315,5245953
3316,5247385
3317,5248702
3318,5249083
3319,5250141
3320,5250873
3321,5252459
3322,5253313
3323,5253466
3324,5254072
3325,5254132
3326,5254250
3327,5254584
3328,5254746
3329,5254801
3330,5254920
3331,5255058
3332,5255228
3333,5255438
3334,5255592
3335,5255861
3336,5256445
3337,5257069
3338,5259530
3339,5260106
3340,5261264
3341,5262182
3342,5262413
3343,5262774
3344,5262795
3345,5262979
3346,5263130
3347,5264871
3348,5264983
3349,5265763
3350,5265894
3351,5266201
3352,5266392
3353,5266916
3354,5269606
3355,5272187
3356,5274960
3357,5276016
3358,5277231
3359,5278001
3360,5280160
3361,5280449
3362,5281056
3363,5282302
3364,5284005
3365,5288850
3366,5291685
3367,5291879
3368,5296974
3369,5297078
3370,5299269
3371,5299551
3372,5299858
3373,5303866
3374,5305544
3375,5306152
3376,5307731
3377,5308922
3378,5313908
3379,5317312
3380,5318533
3381,5319322
3382,5320607
3383,5322321
3384,5330846
3385,5332215
3386,5339491
3387,5341416
3388,5342647
3389,5343532
3390,5347557
3391,5354515
3392,5366392
3393,5366694
3394,5366988
3395,5367314
3396,5368277
3397,5368716
3398,5185044
3399,5185673
3400,5185799
3401,5185873
3402,5185954
3403,5186029
3404,5186043
3405,5186232
3406,5186273
3407,5186612
3408,5186614
3409,5186910
3410,5187028
3411,5187050
3412,5187206
3413,5187221
3414,5187812
3415,5188195
3416,5188785
3417,5188871
3418,5188947
3419,5189347
3420,5189697
3421,5189786
3422,5190007
3423,5190046
3424,5190055
3425,5190152
3426,5190403
3427,5190735
3428,5191199
3429,5191295
3430,5191435
3431,5191693
3432,5191932
3433,5192217
3434,5192235
3435,5192845
3436,5192947
3437,5193059
3438,5193131
3439,5194108
3440,5194136
3441,5194155
3442,5194363
3443,5194765
3444,5194815
3445,5194884
3446,5195413
3447,5196036
3448,5196678
3449,5196793
3450,5197087
3451,5197088
3452,5197147
3453,5197525
3454,5197594
3455,5197946
3456,5197967
3457,5198000
3458,5198063
3459,5198463
3460,5198475
3461,5198832
3462,5199742
3463,5200770
3464,5200822
3465,5201154
3466,5201525
3467,5201871
3468,5202023
3469,5203608
3470,5203780
3471,5205084
3472,5205389
3473,5205395
3474,5206905
3475,5207201
3476,5207370
3477,5208111
3478,5208372
3479,5208475
3480,5208583
3481,5209228
3482,5209394
3483,5209442
3484,5209683
3485,5209911
3486,5211134
3487,5211895
3488,5212610
3489,5212980
3490,5213486
3491,5213687
3492,5213693
3493,5213943
3494,5214870
3495,5215098
3496,5215139
3497,5215532
3498,5215779
3499,5216240
3500,5217215
3501,5217259
3502,5217387
3503,5218156
3504,5218735
3505,5218749
3506,5218771
3507,5218888
3508,5219029
3509,5220911
3510,5221127
3511,5221285
3512,5221708
3513,5221750
3514,5222332
3515,5224002
3516,5225266
3517,5225349
3518,5225411
3519,5226008
3520,5226016
3521,5226065
3522,5226314
3523,5226968
3524,5227036
3525,5227065
3526,5227209
3527,5227270
3528,5227342
3529,5227391
3530,5227692
3531,5227865
3532,5228993
3533,5229385
3534,5229423
3535,5230053
3536,5230457
3537,5231825
3538,5231906
3539,5232303
3540,5232790
3541,5233172
3542,5233185
3543,5233414
3544,5233709
3545,5233818
3546,5233918
3547,5234153
3548,5235778
3549,5235910
3550,5236279
3551,5237206
3552,5237356
3553,5237535
3554,5238001
3555,5238168
3556,5239567
3557,5240067
3558,5240153
3559,5240520
3560,5241192
3561,5242805
3562,5243937
3563,5244050
3564,5244067
3565,5244836
3566,5245201
3567,5245361
3568,5245442
3569,5245625
3570,5245750
3571,5245912
3572,5246687
3573,5247218
3574,5247745
3575,5248372
3576,5249361
3577,5249664
3578,5250095
3579,5250300
3580,5250752
3581,5250872
3582,5251086
3583,5252190
3584,5252706
3585,5253618
3586,5253924
3587,5254188
3588,5254323
3589,5254476
3590,5254924
3591,5255004
3592,5255110
3593,5255111
3594,5255690
3595,5255895
3596,5257221
3597,5257329
3598,5257399
3599,5259343
3600,5260090
3601,5260712
3602,5261213
3603,5261346
3604,5262467
3605,5262719
3606,5265340
3607,5266547
3608,5267589
3609,5267935
3610,5269961
3611,5270499
3612,5271868
3613,5272162
3614,5272663
3615,5273661
3616,5275366
3617,5276146
3618,5276604
3619,5276684
3620,5276872
3621,5277363
3622,5277373
3623,5278112
3624,5278183
3625,5278625
3626,5279193
3627,5279933
3628,5280653
3629,5281766
3630,5285161
3631,5286496
3632,5290064
3633,5291682
3634,5292009
3635,5292931
3636,5293421
3637,5293684
3638,5294965
3639,5295294
3640,5296389
3641,5297323
3642,5308227
3643,5309237
3644,5310890
3645,5311856
3646,5315163
3647,5318124
3648,5319550
3649,5324183
3650,5331528
3651,5184738
3652,5184869
3653,5184935
3654,5184937
3655,5184948
3656,5184988
3657,5185337
3658,5186510
3659,5186661
3660,5186671
3661,5186795
3662,5189881
3663,5195453
3664,5186939
3665,5187189
3666,5187452
3667,5187907
3668,5188500
3669,5189927
3670,5190441
3671,5191263
3672,5192299
3673,5195544
3674,5195738
3675,5196188
3676,5197167
3677,5197267
3678,5197340
3679,5197644
3680,5199185
3681,5200095
3682,5200203
3683,5201561
3684,5201907
3685,5202372
3686,5202522
3687,5202552
3688,5203026
3689,5206113
3690,5206910
3691,5207472
3692,5207890
3693,5212833
3694,5213038
3695,5213883
3696,5214756
3697,5215783
3698,5216722
3699,5216752
3700,5218500
3701,5218872
3702,5221618
3703,5223684
3704,5224391
3705,5226650
3706,5227311
3707,5227515
3708,5229627
3709,5232662
3710,5232991
3711,5233232
3712,5233252
3713,5233708
3714,5234910
3715,5235616
3716,5235732
3717,5235793
3718,5236818
3719,5241441
3720,5242373
3721,5243281
3722,5245089
3723,5245194
3724,5245279
3725,5245984
3726,5247214
3727,5249261
3728,5249702
3729,5249958
3730,5250454
3731,5250789
3732,5251281
3733,5251570
3734,5254844
3735,5255105
3736,5255300
3737,5255410
3738,5255591
3739,5257514
3740,5258030
3741,5259134
3742,5259860
3743,5260423
3744,5260446
3745,5260975
3746,5261342
3747,5262638
3748,5264443
3749,5264730
3750,5268108
3751,5270083
3752,5270680
3753,5271112
3754,5271892
3755,5272657
3756,5273286
3757,5275860
3758,5276315
3759,5276823
3760,5277588
3761,5278351
3762,5281029
3763,5282216
3764,5282684
3765,5283220
3766,5284021
3767,5289903
3768,5290640
3769,5291799
3770,5292226
3771,5292981
3772,5294972
3773,5298343
3774,5298938
3775,5300134
3776,5300600
3777,5300799
3778,5302289
3779,5303766
3780,5307055
3781,5307269
3782,5312541
3783,5315775
3784,5317286
3785,5319806
3786,5321093
3787,5331339
3788,5337360
3789,5342377
3790,5345178
3791,5346495
3792,5350119
3793,5351894
3794,5354630
3795,5355449
3796,5361122
3797,5362349
3798,5363936
3799,5364487
3800,5367019
3801,5367148
3802,5367174
3803,5367385
3804,5367653
3805,5367919
3806,5367931
3807,5368599
3808,5368624
3809,5368837
3810,9622205
3811,5184695
3812,5184736
3813,5184747
3814,5184826
3815,5184888
3816,5184928
3817,5184930
3818,5184992
3819,5185272
3820,5185326
3821,5185496
3822,5185505
3823,5185712
3824,5185724
3825,5185803
3826,5186295
3827,5186505
3828,5186630
3829,5186901
3830,5186913
3831,5186937
3832,5186988
3833,5186990
3834,5187109
3835,5187193
3836,5187244
3837,5187273
3838,5187685
3839,5187790
3840,5187829
3841,5187916
3842,5187935
3843,5187960
3844,5188136
3845,5188165
3846,5188351
3847,5188358
3848,5188558
3849,5188582
3850,5188598
3851,5188793
3852,5188842
3853,5189066
3854,5189455
3855,5189705
3856,5189750
3857,5189867
3858,5190105
3859,5190116
3860,5190123
3861,5190159
3862,5190703
3863,5190723
3864,5190763
3865,5190876
3866,5191013
3867,5191038
3868,5191740
3869,5191792
3870,5191823
3871,5191926
3872,5191934
3873,5192395
3874,5192450
3875,5192493
3876,5192566
3877,5192597
3878,5193077
3879,5193365
3880,5193703
3881,5193719
3882,5193736
3883,5194182
3884,5194462
3885,5194544
3886,5194572
3887,5194628
3888,5194714
3889,5194857
3890,5194881
3891,5195572
3892,5195590
3893,5195658
3894,5195721
3895,5195743
3896,5196118
3897,5196201
3898,5196614
3899,5196931
3900,5197008
3901,5197084
3902,5197258
3903,5197441
3904,5198227
3905,5198321
3906,5198438
3907,5198537
3908,5198641
3909,5198780
3910,5199283
3911,5199381
3912,5199480
3913,5199963
3914,5200099
3915,5200422
3916,5200506
3917,5200947
3918,5201055
3919,5201262
3920,5202470
3921,5202684
3922,5203039
3923,5203541
3924,5203562
3925,5203574
3926,5203595
3927,5203671
3928,5203683
3929,5203692
3930,5203729
3931,5203978
3932,5204062
3933,5204212
3934,5204560
3935,5204630
3936,5204872
3937,5205188
3938,5205349
3939,5205480
3940,5206458
3941,5206844
3942,5206925
3943,5207271
3944,5207324
3945,5207579
3946,5207959
3947,5208296
3948,5208319
3949,5208379
3950,5208489
3951,5208813
3952,5209397
3953,5209694
3954,5209718
3955,5209875
3956,5210278
3957,5211006
3958,5211545
3959,5211691
3960,5211735
3961,5211745
3962,5211912
3963,5212886
3964,5212935
3965,5213032
3966,5214166
3967,5214174
3968,5214396
3969,5214449
3970,5214510
3971,5214550
3972,5215364
3973,5215643
3974,5215731
3975,5215877
3976,5216085
3977,5216139
3978,5216404
3979,5216508
3980,5216842
3981,5216844
3982,5216873
3983,5218685
3984,5218841
3985,5218971
3986,5219840
3987,5220028
3988,5220030
3989,5221330
3990,5221700
3991,5222061
3992,5222637
3993,5223123
3994,5223414
3995,5223678
3996,5224396
3997,5225384
3998,5225642
3999,5225718
4000,5226043
4001,5226320
4002,5226338
4003,5226359
4004,5226853
4005,5226923
4006,5227506
4007,5228114
4008,5228168
4009,5228275
4010,5228583
4011,5228869
4012,5228915
4013,5229399
4014,5229703
4015,5230268
4016,5230607
4017,5230659
4018,5230843
4019,5230943
4020,5231047
4021,5231102
4022,5231718
4023,5232044
4024,5232446
4025,5233468
4026,5233944
4027,5234688
4028,5235061
4029,5235341
4030,5235420
4031,5235856
4032,5236278
4033,5236852
4034,5237188
4035,5237893
4036,5237897
4037,5237999
4038,5238198
4039,5238674
4040,5239307
4041,5239406
4042,5239572
4043,5239929
4044,5240194
4045,5240562
4046,5240816
4047,5241622
4048,5241959
4049,5242003
4050,5242668
4051,5243401
4052,5243820
4053,5244244
4054,5244245
4055,5245242
4056,5245481
4057,5245504
4058,5245576
4059,5245648
4060,5245865
4061,5245882
4062,5245970
4063,5246629
4064,5246675
4065,5246958
4066,5246960
4067,5247123
4068,5247239
4069,5247320
4070,5247969
4071,5248053
4072,5248442
4073,5248452
4074,5248487
4075,5249085
4076,5249455
4077,5249581
4078,5249589
4079,5249608
4080,5250132
4081,5250267
4082,5250687
4083,5250739
4084,5250994
4085,5251983
4086,5252294
4087,5252296
4088,5252334
4089,5252407
4090,5252511
4091,5252705
4092,5252784
4093,5252986
4094,5253260
4095,5253557
4096,5253725
4097,5254264
4098,5254628
4099,5254733
4100,5254751
4101,5255925
4102,5255945
4103,5256008
4104,5256009
4105,5256454
4106,5256527
4107,5256572
4108,5256597
4109,5256666
4110,5256691
4111,5257480
4112,5257689
4113,5258040
4114,5258418
4115,5258757
4116,5258838
4117,5259020
4118,5259078
4119,5259455
4120,5259517
4121,5259915
4122,5260103
4123,5260242
4124,5260301
4125,5260534
4126,5261563
4127,5261577
4128,5261594
4129,5262048
4130,5262173
4131,5262219
4132,5262714
4133,5263339
4134,5263455
4135,5263682
4136,5263934
4137,5265127
4138,5265556
4139,5267256
4140,5267285
4141,5267799
4142,5267800
4143,5268336
4144,5270115
4145,5270231
4146,5270651
4147,5270785
4148,5271859
4149,5275677
4150,5276133
4151,5277228
4152,5277345
4153,5277590
4154,5278536
4155,5278708
4156,5279618
4157,5279722
4158,5279919
4159,5279952
4160,5279985
4161,5280064
4162,5280725
4163,5282410
4164,5282771
4165,5283360
4166,5283873
4167,5284620
4168,5285436
4169,5286265
4170,5287098
4171,5291439
4172,5292579
4173,5294408
4174,5297010
4175,5299857
4176,5299860
4177,5300367
4178,5300950
4179,5302045
4180,5303933
4181,5304450
4182,5305556
4183,5307362
4184,5307842
4185,5308738
4186,5311858
4187,5313309
4188,5313393
4189,5315283
4190,5322850
4191,5323369
4192,5328074
4193,5339233
4194,5341819
4195,5346499
4196,5347394
4197,5347421
4198,5347718
4199,5351210
4200,5351967
4201,5359783
4202,5360516
4203,5362062
4204,5365208
4205,5366391
4206,5366726
4207,5367279
4208,5367464
4209,5367533
4210,5367644
4211,5367841
4212,5368098
4213,5368347
4214,5368524
4215,5368535
4216,5368557
4217,5368779
4218,5368933
4219,5369006
4220,5369258
4221,5254478
4222,5355916
4223,5265757
4224,5310377
4225,5193197
4226,5202117
4227,6516141
4228,5285584
4229,6725540
4230,5283355
4231,5186005
4232,5317883
4233,8947744
4234,5284028
4235,5242857
4236,7971153
4237,9285677
4238,5224887
4239,5288167
4240,9818156
4241,10058398
4242,9971893
4243,10184477
4244,5254841
4245,5261219
4246,10525668
4247,11290130
4248,11767613
4249,5394168
4250,11164676
4251,5278202
4252,5190263
4253,12296373
4254,5369211
4255,12362573
4256,5250212
4257,12282994
4258,5290658
4259,5292162
4260,5298393
4261,5368598
4262,12913867
4263,5308829
4264,5199844
4265,5202774
4266,13953726
4267,5185299
4268,5185702
4269,5185767
4270,5186154
4271,5186627
4272,5187002
4273,5187510
4274,5188544
4275,5188593
4276,5188951
4277,5190016
4278,5190850
4279,5192245
4280,5192443
4281,5192994
4282,5193166
4283,5193353
4284,5193931
4285,5194040
4286,5194129
4287,5194625
4288,5194880
4289,5195151
4290,5195217
4291,5195283
4292,5195570
4293,5196177
4294,5196407
4295,5197531
4296,5198484
4297,5199620
4298,5199715
4299,5200581
4300,5200748
4301,5201427
4302,5201505
4303,5201529
4304,5202080
4305,5202194
4306,5202240
4307,5202626
4308,5203241
4309,5205109
4310,5205209
4311,5205937
4312,5205985
4313,5206832
4314,5207709
4315,5207931
4316,5208268
4317,5209230
4318,5211930
4319,5212754
4320,5212943
4321,5213081
4322,5213498
4323,5213758
4324,5215044
4325,5215095
4326,5215539
4327,5215557
4328,5215865
4329,5220396
4330,5221191
4331,5222003
4332,5222490
4333,5222796
4334,5226050
4335,5229772
4336,5230281
4337,5231098
4338,5232292
4339,5233080
4340,5233740
4341,5234788
4342,5235132
4343,5236814
4344,5237378
4345,5237457
4346,5237568
4347,5237619
4348,5239489
4349,5239833
4350,5240434
4351,5240511
4352,5240642
4353,5241051
4354,5242113
4355,5242675
4356,5243296
4357,5244023
4358,5244049
4359,5244183
4360,5244779
4361,5244890
4362,5245160
4363,5245434
4364,5245485
4365,5245690
4366,5245884
4367,5246649
4368,5248559
4369,5250297
4370,5254704
4371,5255842
4372,5256347
4373,5256625
4374,5256978
4375,5258787
4376,5259203
4377,5259893
4378,5260002
4379,5260149
4380,5261099
4381,5261111
4382,5261423
4383,5261572
4384,5261792
4385,5264262
4386,5265494
4387,5266160
4388,5266793
4389,5267072
4390,5267080
4391,5267720
4392,5267798
4393,5267829
4394,5268880
4395,5269139
4396,5269318
4397,5269580
4398,5271045
4399,5271131
4400,5276056
4401,5276398
4402,5276424
4403,5276830
4404,5276866
4405,5277368
4406,5277487
4407,5277745
4408,5279549
4409,5279846
4410,5280257
4411,5281441
4412,5282791
4413,5283485
4414,5283601
4415,5284656
4416,5285854
4417,5287562
4418,5287753
4419,5288911
4420,5289637
4421,5290530
4422,5291047
4423,5291073
4424,5291278
4425,5295153
4426,5301479
4427,5303775
4428,5306610
4429,5306852
4430,5308251
4431,5310893
4432,5313383
4433,5314628
4434,5316350
4435,5316929
4436,5319807
4437,5322420
4438,5327298
4439,5327860
4440,5335000
4441,5341387
4442,5341814
4443,5342064
4444,5342666
4445,5346643
4446,5349557
4447,5354310
4448,5361115
4449,5365792
4450,5366878
4451,5366930
4452,5367016
4453,5367018
4454,5367084
4455,5367207
4456,5367260
4457,5367403
4458,5367500
4459,5367552
4460,5367555
4461,5367825
4462,5367910
4463,5368050
4464,5368116
4465,5368358
4466,5368614
4467,5368651
4468,5368655
4469,5368729
4470,5368744
4471,5368858
4472,5368982
4473,5369017
4474,5369253
4475,5369033
4476,5194691
4477,5187838
4478,5342467
4479,5249742
4480,5246911
4481,5189059
4482,5197777
4483,5943152
4484,5288980
4485,5235952
4486,5367997
4487,5192526
4488,5184946
4489,5185046
4490,5185132
4491,5185415
4492,5185529
4493,5185592
4494,5185943
4495,5186172
4496,5186189
4497,5186222
4498,5186490
4499,5186569
4500,5186622
4501,5186987
4502,5187051
4503,5187186
4504,5187205
4505,5187406
4506,5187514
4507,5187581
4508,5187590
4509,5187938
4510,5188393
4511,5188496
4512,5188566
4513,5188767
4514,5188788
4515,5188835
4516,5188935
4517,5188946
4518,5188968
4519,5189188
4520,5189441
4521,5189831
4522,5189888
4523,5189929
4524,5190027
4525,5190074
4526,5190518
4527,5190785
4528,5190822
4529,5190990
4530,5191112
4531,5191222
4532,5191380
4533,5191822
4534,5192352
4535,5192418
4536,5192459
4537,5193083
4538,5193339
4539,5193476
4540,5193576
4541,5193825
4542,5193888
4543,5194371
4544,5195026
4545,5195292
4546,5195395
4547,5195983
4548,5195989
4549,5196596
4550,5196891
4551,5196999
4552,5197305
4553,5197361
4554,5197494
4555,5197791
4556,5197869
4557,5198023
4558,5198245
4559,5198251
4560,5198306
4561,5198784
4562,5199894
4563,5200253
4564,5200366
4565,5200804
4566,5200927
4567,5200943
4568,5201402
4569,5201481
4570,5202465
4571,5202907
4572,5202954
4573,5203009
4574,5203140
4575,5203258
4576,5203327
4577,5203569
4578,5203597
4579,5203659
4580,5203727
4581,5203743
4582,5203748
4583,5204054
4584,5204106
4585,5204129
4586,5204412
4587,5204528
4588,5204728
4589,5205087
4590,5205137
4591,5205175
4592,5205193
4593,5205281
4594,5205292
4595,5205332
4596,5205450
4597,5205681
4598,5205870
4599,5205915
4600,5206107
4601,5206421
4602,5206424
4603,5206813
4604,5207284
4605,5207352
4606,5208030
4607,5208233
4608,5208236
4609,5209714
4610,5211553
4611,5211608
4612,5212197
4613,5212438
4614,5212572
4615,5212578
4616,5212740
4617,5213018
4618,5213239
4619,5213362
4620,5213723
4621,5213986
4622,5214271
4623,5214658
4624,5214794
4625,5215000
4626,5215553
4627,5215775
4628,5216758
4629,5217437
4630,5217556
4631,5217853
4632,5218353
4633,5218962
4634,5219865
4635,5220114
4636,5220230
4637,5220327
4638,5220699
4639,5221477
4640,5221546
4641,5221547
4642,5222092
4643,5222201
4644,5222269
4645,5222814
4646,5224801
4647,5224944
4648,5224995
4649,5225073
4650,5225104
4651,5225633
4652,5225823
4653,5225873
4654,5226022
4655,5226100
4656,5226789
4657,5226973
4658,5227066
4659,5227299
4660,5227898
4661,5228691
4662,5228898
4663,5229003
4664,5229039
4665,5229160
4666,5229314
4667,5229390
4668,5229421
4669,5229709
4670,5229990
4671,5230368
4672,5230401
4673,5230686
4674,5230810
4675,5230974
4676,5230981
4677,5231120
4678,5231287
4679,5231293
4680,5231474
4681,5231680
4682,5232010
4683,5233019
4684,5233840
4685,5233862
4686,5233904
4687,5234024
4688,5234060
4689,5234122
4690,5234137
4691,5234619
4692,5235436
4693,5236546
4694,5237027
4695,5237044
4696,5237556
4697,5238661
4698,5238686
4699,5239311
4700,5241355
4701,5243238
4702,5243710
4703,5243789
4704,5243790
4705,5243980
4706,5244249
4707,5244574
4708,5245049
4709,5246184
4710,5246211
4711,5246322
4712,5246353
4713,5247195
4714,5247576
4715,5247630
4716,5248256
4717,5248271
4718,5248927
4719,5249238
4720,5249354
4721,5249364
4722,5249399
4723,5250106
4724,5250954
4725,5251067
4726,5251431
4727,5251444
4728,5251992
4729,5252203
4730,5252346
4731,5252720
4732,5252758
4733,5252835
4734,5252976
4735,5254176
4736,5254607
4737,5254637
4738,5254755
4739,5254999
4740,5255588
4741,5255601
4742,5255796
4743,5256163
4744,5256189
4745,5256515
4746,5256763
4747,5257132
4748,5257162
4749,5257682
4750,5257888
4751,5258774
4752,5258798
4753,5259536
4754,5259978
4755,5260138
4756,5260206
4757,5260813
4758,5260911
4759,5261331
4760,5262120
4761,5262331
4762,5262626
4763,5262635
4764,5262902
4765,5263373
4766,5263835
4767,5263928
4768,5264132
4769,5264257
4770,5265779
4771,5267432
4772,5267944
4773,5268747
4774,5268757
4775,5269717
4776,5269966
4777,5270400
4778,5270438
4779,5270552
4780,5270697
4781,5271818
4782,5273543
4783,5273756
4784,5275789
4785,5276295
4786,5276386
4787,5277003
4788,5277248
4789,5277327
4790,5277561
4791,5277833
4792,5278616
4793,5285536
4794,5285804
4795,5285923
4796,5286179
4797,5287498
4798,5288561
4799,5289464
4800,5290925
4801,5294897
4802,5295128
4803,5295330
4804,5295642
4805,5295692
4806,5295712
4807,5296397
4808,5298486
4809,5299089
4810,5301595
4811,5303470
4812,5303964
4813,5304431
4814,5304483
4815,5304537
4816,5305082
4817,5307723
4818,5308741
4819,5312684
4820,5313360
4821,5313896
4822,5313973
4823,5315769
4824,5316030
4825,5316346
4826,5318018
4827,5321937
4828,5323328
4829,5326034
4830,5328750
4831,5330044
4832,5330175
4833,5330667
4834,5331526
4835,5336322
4836,5338200
4837,5341986
4838,5344076
4839,5349623
4840,5351010
4841,5355583
4842,5356187
4843,5361496
4844,5362034
4845,5366682
4846,5366728
4847,5367139
4848,5368519
4849,5368618
4850,5368628
4851,5369107
4852,5369191
4853,5187128
4854,5241418
4855,6724740
4856,5193449
4857,5319207
4858,5332488
4859,5281232
4860,8332476
4861,8410479
4862,12192137
4863,12889891
4864,5187919
4865,5194214
4866,5194531
4867,5201167
4868,5257009
4869,5258194
4870,5258470
4871,5273327
4872,5278192
4873,5278286
4874,5283963
4875,5309930
4876,5337622
4877,5184703
4878,5186181
4879,5189960
4880,5192474
4881,5185300
4882,5185321
4883,5185587
4884,5186378
4885,5186834
4886,5187163
4887,5187175
4888,5187898
4889,5189623
4890,5190438
4891,5190932
4892,5191245
4893,5191575
4894,5191977
4895,5192559
4896,5192879
4897,5193436
4898,5193549
4899,5193563
4900,5193565
4901,5193618
4902,5193837
4903,5194602
4904,5195296
4905,5196496
4906,5196744
4907,5196827
4908,5197065
4909,5197197
4910,5197750
4911,5198633
4912,5198670
4913,5199296
4914,5199785
4915,5199804
4916,5200369
4917,5200987
4918,5201001
4919,5201117
4920,5201129
4921,5201159
4922,5201595
4923,5202213
4924,5203313
4925,5203522
4926,5203842
4927,5204035
4928,5204752
4929,5205423
4930,5205516
4931,5207928
4932,5208655
4933,5209233
4934,5209471
4935,5209550
4936,5209673
4937,5210444
4938,5211729
4939,5211841
4940,5212072
4941,5212514
4942,5212741
4943,5212784
4944,5213782
4945,5213857
4946,5214118
4947,5214136
4948,5214549
4949,5215283
4950,5215611
4951,5216042
4952,5216046
4953,5216117
4954,5218670
4955,5219639
4956,5220410
4957,5220695
4958,5221032
4959,5224702
4960,5224989
4961,5225818
4962,5225850
4963,5227323
4964,5227429
4965,5228020
4966,5228965
4967,5229128
4968,5229887
4969,5229968
4970,5230950
4971,5231456
4972,5232487
4973,5232799
4974,5233040
4975,5233115
4976,5233927
4977,5234783
4978,5235737
4979,5238587
4980,5239240
4981,5240539
4982,5241035
4983,5241873
4984,5244078
4985,5244490
4986,5244681
4987,5245153
4988,5245611
4989,5247202
4990,5248037
4991,5249421
4992,5250554
4993,5250559
4994,5251279
4995,5252583
4996,5253668
4997,5254930
4998,5255421
4999,5255701
5000,5258276
5001,5258597
5002,5259106
5003,5261438
5004,5262342
5005,5263833
5006,5265493
5007,5265558
5008,5265915
5009,5266372
5010,5266911
5011,5267591
5012,5269377
5013,5269793
5014,5274857
5015,5277269
5016,5277599
5017,5280143
5018,5280993
5019,5286789
5020,5287280
5021,5290985
5022,5292817
5023,5294438
5024,5300486
5025,5307858
5026,5311231
5027,5311267
5028,5315300
5029,5320698
5030,5329086
5031,5344733
5032,5346002
5033,5354516
5034,5361119
5035,5365627
5036,5355262
5037,5360986
5038,5362358
5039,5363119
5040,5185234
5041,5185591
5042,5187259
5043,5187611
5044,5187731
5045,5187831
5046,5188210
5047,5188287
5048,5188528
5049,5189335
5050,5189777
5051,5189855
5052,5190726
5053,5191309
5054,5192102
5055,5192306
5056,5192516
5057,5193078
5058,5193129
5059,5195573
5060,5195736
5061,5195855
5062,5196241
5063,5196525
5064,5196813
5065,5196880
5066,5197022
5067,5200370
5068,5202153
5069,5202516
5070,5202864
5071,5203164
5072,5204420
5073,5204459
5074,5206345
5075,5206372
5076,5206920
5077,5207339
5078,5208814
5079,5210118
5080,5210374
5081,5211024
5082,5211457
5083,5211503
5084,5212858
5085,5213022
5086,5213051
5087,5213490
5088,5214608
5089,5216221
5090,5216530
5091,5216813
5092,5217780
5093,5218155
5094,5218196
5095,5218383
5096,5218401
5097,5218589
5098,5218687
5099,5218732
5100,5219539
5101,5219929
5102,5220269
5103,5220583
5104,5220822
5105,5221341
5106,5221643
5107,5221914
5108,5222398
5109,5222506
5110,5222568
5111,5223146
5112,5223622
5113,5224066
5114,5224266
5115,5224308
5116,5224409
5117,5225678
5118,5226308
5119,5227136
5120,5227284
5121,5227459
5122,5229189
5123,5229296
5124,5229435
5125,5229444
5126,5229835
5127,5230391
5128,5232596
5129,5234272
5130,5239125
5131,5240498
5132,5241422
5133,5241595
5134,5242426
5135,5242491
5136,5242983
5137,5243819
5138,5245042
5139,5245192
5140,5246017
5141,5246809
5142,5246946
5143,5247335
5144,5248296
5145,5250349
5146,5250455
5147,5250507
5148,5251487
5149,5253485
5150,5253623
5151,5254811
5152,5255294
5153,5259150
5154,5259205
5155,5259425
5156,5261456
5157,5262145
5158,5265106
5159,5265721
5160,5266075
5161,5270004
5162,5270087
5163,5270127
5164,5270268
5165,5271084
5166,5278674
5167,5279097
5168,5279152
5169,5279574
5170,5280676
5171,5282068
5172,5284191
5173,5286108
5174,5287622
5175,5289853
5176,5290561
5177,5295161
5178,5300135
5179,5305936
5180,5306145
5181,5313284
5182,5314871
5183,5322697
5184,5326409
5185,5330668
5186,5341400
5187,5353067
5188,5359158
5189,5184955
5190,5185086
5191,5186074
5192,5186331
5193,5189785
5194,5190437
5195,5190450
5196,5190601
5197,5190655
5198,5190891
5199,5191490
5200,5192511
5201,5192673
5202,5192730
5203,5193107
5204,5193123
5205,5193231
5206,5193457
5207,5194664
5208,5194832
5209,5196566
5210,5197062
5211,5198296
5212,5198662
5213,5198805
5214,5200101
5215,5200668
5216,5201155
5217,5201267
5218,5201873
5219,5202762
5220,5203644
5221,5205777
5222,5206309
5223,5206888
5224,5206933
5225,5208594
5226,5208647
5227,5209027
5228,5210999
5229,5211619
5230,5213069
5231,5215806
5232,5217689
5233,5218284
5234,5218293
5235,5218335
5236,5221148
5237,5221281
5238,5221827
5239,5221869
5240,5222126
5241,5224037
5242,5224938
5243,5225280
5244,5226588
5245,5227755
5246,5227872
5247,5228175
5248,5228345
5249,5229484
5250,5229944
5251,5230196
5252,5230852
5253,5231136
5254,5232141
5255,5233490
5256,5233921
5257,5234132
5258,5234617
5259,5235768
5260,5237484
5261,5241220
5262,5242813
5263,5242989
5264,5243179
5265,5243221
5266,5243400
5267,5243478
5268,5245664
5269,5246356
5270,5247164
5271,5248194
5272,5250438
5273,5250640
5274,5250750
5275,5250790
5276,5250823
5277,5250904
5278,5251536
5279,5251840
5280,5251978
5281,5252442
5282,5252769
5283,5253116
5284,5253818
5285,5253973
5286,5253997
5287,5254141
5288,5254426
5289,5254472
5290,5254971
5291,5255697
5292,5255902
5293,5256439
5294,5256653
5295,5258748
5296,5258750
5297,5259623
5298,5259895
5299,5260407
5300,5260471
5301,5260987
5302,5261457
5303,5261546
5304,5264876
5305,5267059
5306,5267665
5307,5267823
5308,5269125
5309,5269135
5310,5269934
5311,5270646
5312,5270826
5313,5272330
5314,5272962
5315,5277405
5316,5278766
5317,5280163
5318,5281585
5319,5286861
5320,5288984
5321,5289940
5322,5289964
5323,5290182
5324,5290860
5325,5294973
5326,5297320
5327,5300189
5328,5302215
5329,5304300
5330,5305141
5331,5316785
5332,5185187
5333,5185631
5334,5186231
5335,5186293
5336,5186814
5337,5187331
5338,5187419
5339,5187657
5340,5188055
5341,5188408
5342,5188874
5343,5189036
5344,5189195
5345,5189364
5346,5190239
5347,5191522
5348,5191539
5349,5192568
5350,5192983
5351,5194019
5352,5194344
5353,5195980
5354,5196007
5355,5196417
5356,5196467
5357,5196699
5358,5196763
5359,5196894
5360,5197013
5361,5197141
5362,5197355
5363,5197668
5364,5198100
5365,5198180
5366,5198191
5367,5198654
5368,5199036
5369,5199121
5370,5199624
5371,5199639
5372,5199887
5373,5200292
5374,5200847
5375,5201254
5376,5201257
5377,5201347
5378,5201438
5379,5201792
5380,5202853
5381,5203070
5382,5203171
5383,5204107
5384,5205282
5385,5205837
5386,5205843
5387,5206313
5388,5206778
5389,5207233
5390,5208376
5391,5208412
5392,5209047
5393,5209147
5394,5210348
5395,5211469
5396,5212181
5397,5212439
5398,5212694
5399,5213754
5400,5213800
5401,5213954
5402,5215739
5403,5215804
5404,5215857
5405,5216833
5406,5216892
5407,5217554
5408,5218692
5409,5218700
5410,5220191
5411,5221005
5412,5221308
5413,5221338
5414,5222039
5415,5222263
5416,5222774
5417,5223468
5418,5224028
5419,5224053
5420,5224146
5421,5224293
5422,5224921
5423,5224974
5424,5225096
5425,5225759
5426,5226088
5427,5226116
5428,5227126
5429,5227285
5430,5227424
5431,5227437
5432,5227604
5433,5227624
5434,5227997
5435,5228401
5436,5229239
5437,5229293
5438,5229510
5439,5229600
5440,5229966
5441,5229997
5442,5230183
5443,5230651
5444,5230658
5445,5230773
5446,5231124
5447,5231643
5448,5231713
5449,5231723
5450,5232002
5451,5232306
5452,5232438
5453,5232765
5454,5233933
5455,5234634
5456,5234894
5457,5234950
5458,5235660
5459,5235987
5460,5238021
5461,5238310
5462,5239228
5463,5239305
5464,5239329
5465,5241620
5466,5242429
5467,5242908
5468,5243125
5469,5243715
5470,5243905
5471,5245162
5472,5245243
5473,5245731
5474,5246075
5475,5246200
5476,5247040
5477,5247165
5478,5247783
5479,5247908
5480,5247937
5481,5248440
5482,5248550
5483,5249282
5484,5249594
5485,5250094
5486,5250753
5487,5250965
5488,5251138
5489,5251168
5490,5251333
5491,5251361
5492,5251899
5493,5252014
5494,5252219
5495,5252302
5496,5252509
5497,5253121
5498,5255304
5499,5255521
5500,5256845
5501,5256919
5502,5257738
5503,5258188
5504,5258951
5505,5259022
5506,5259326
5507,5259427
5508,5260005
5509,5260011
5510,5260222
5511,5260761
5512,5261256
5513,5261434
5514,5261860
5515,5262303
5516,5262765
5517,5263086
5518,5263985
5519,5264178
5520,5264273
5521,5264708
5522,5265771
5523,5266254
5524,5266338
5525,5266346
5526,5266553
5527,5267060
5528,5267776
5529,5268780
5530,5268930
5531,5268983
5532,5270732
5533,5270836
5534,5271760
5535,5271808
5536,5272239
5537,5274042
5538,5274046
5539,5274178
5540,5276332
5541,5277065
5542,5277512
5543,5278970
5544,5279575
5545,5279838
5546,5280215
5547,5286650
5548,5289273
5549,5289372
5550,5289928
5551,5185338
5552,5186742
5553,5185242
5554,5202345
5555,5206333
5556,5237043
5557,5239900
5558,5245104
5559,5246161
5560,5185255
5561,5185700
5562,5186523
5563,5186821
5564,5189551
5565,5189948
5566,5221405
5567,5184813
5568,5200860
5569,5202061
5570,5186140
5571,5186211
5572,5186562
5573,5186852
5574,5187208
5575,5190003
5576,5191032
5577,5191753
5578,5192249
5579,5192381
5580,5192968
5581,5193507
5582,5194817
5583,5195526
5584,5196895
5585,5197338
5586,5197419
5587,5197440
5588,5198715
5589,5198929
5590,5199014
5591,5199163
5592,5199257
5593,5199295
5594,5200182
5595,5200871
5596,5200887
5597,5201425
5598,5201892
5599,5202056
5600,5203975
5601,5205166
5602,5205425
5603,5206022
5604,5206160
5605,5206870
5606,5207428
5607,5208590
5608,5208626
5609,5210333
5610,5211904
5611,5213728
5612,5214376
5613,5214499
5614,5214538
5615,5215834
5616,5216138
5617,5216860
5618,5217362
5619,5217450
5620,5217475
5621,5217846
5622,5218020
5623,5218135
5624,5219373
5625,5219586
5626,5219620
5627,5219628
5628,5221400
5629,5222084
5630,5222136
5631,5222787
5632,5223051
5633,5224107
5634,5224536
5635,5224794
5636,5224852
5637,5225338
5638,5225755
5639,5225837
5640,5226017
5641,5226517
5642,5226526
5643,5226559
5644,5226807
5645,5226930
5646,5227243
5647,5227261
5648,5227420
5649,5227805
5650,5229382
5651,5229535
5652,5231737
5653,5233091
5654,5234476
5655,5234506
5656,5234696
5657,5236686
5658,5236920
5659,5237424
5660,5241064
5661,5241542
5662,5242195
5663,5242971
5664,5244161
5665,5244422
5666,5245436
5667,5245674
5668,5247113
5669,5247190
5670,5248280
5671,5248670
5672,5249597
5673,5249778
5674,5250066
5675,5250097
5676,5250645
5677,5251370
5678,5252381
5679,5252592
5680,5253003
5681,5253339
5682,5254288
5683,5254610
5684,5254829
5685,5256173
5686,5256202
5687,5257378
5688,5258132
5689,5258286
5690,5258586
5691,5259325
5692,5259566
5693,5260155
5694,5262070
5695,5262156
5696,5263599
5697,5265936
5698,5266617
5699,5266901
5700,5268264
5701,5269802
5702,5270088
5703,5275458
5704,5276693
5705,5277743
5706,5281967
5707,5283773
5708,5284227
5709,5284632
5710,5287266
5711,5290035
5712,5291930
5713,5294115
5714,5302529
5715,5304989
5716,5307329
5717,5308991
5718,5311772
5719,5311814
5720,5315715
5721,5317197
5722,5320039
5723,5339687
5724,5345927
5725,5347429
5726,5351409
5727,5357022
5728,5359478
5729,5364769
5730,5365988
5731,5367550
5732,5367586
5733,5368503
5734,5368572
5735,5368868
5736,5369044
5737,5194875
5738,5369465
5739,5260575
5740,5312105
5741,5237423
5742,6147612
5743,6471837
5744,5193591
5745,7898461
5746,5194703
5747,7880887
5748,5185823
5749,5186262
5750,5192815
5751,5193579
5752,5194101
5753,5196370
5754,5197863
5755,5199541
5756,5200908
5757,5201070
5758,5202859
5759,5204110
5760,5214646
5761,5216628
5762,5218938
5763,5245459
5764,5246654
5765,5258512
5766,5265607
5767,5275231
5768,5278459
5769,5279207
5770,5285492
5771,5301478
5772,5304304
5773,5308573
5774,5313584
5775,5313766
5776,5332278
5777,5332363
5778,5332754
5779,5353701
5780,5357015
5781,5361000
5782,5362502
5783,5363376
5784,5366745
5785,5367584
5786,5367691
5787,5369269
5788,5246073
5789,5224169
5790,5211078
5791,5368049
5792,5188327
5793,5355616
5794,5252871
5795,6776559
5796,8024530
5797,5273649
5798,11871684
5799,5184755
5800,5184821
5801,5184872
5802,5185243
5803,5185333
5804,5185491
5805,5185661
5806,5187598
5807,5187950
5808,5188108
5809,5188333
5810,5188522
5811,5188556
5812,5188915
5813,5189086
5814,5190314
5815,5190325
5816,5192701
5817,5192990
5818,5193147
5819,5193302
5820,5193354
5821,5193410
5822,5193698
5823,5193754
5824,5193893
5825,5194299
5826,5194413
5827,5195557
5828,5196594
5829,5196983
5830,5197060
5831,5197444
5832,5198117
5833,5198443
5834,5199125
5835,5200200
5836,5200549
5837,5200907
5838,5201006
5839,5201997
5840,5202244
5841,5202613
5842,5202925
5843,5203590
5844,5204455
5845,5204735
5846,5204851
5847,5205274
5848,5206187
5849,5206594
5850,5208775
5851,5208811
5852,5210016
5853,5210183
5854,5210347
5855,5210627
5856,5211618
5857,5211671
5858,5212019
5859,5212322
5860,5212602
5861,5212703
5862,5212998
5863,5213406
5864,5214544
5865,5214896
5866,5215617
5867,5215791
5868,5215853
5869,5217147
5870,5217165
5871,5218077
5872,5218567
5873,5218736
5874,5218839
5875,5218997
5876,5219077
5877,5219560
5878,5219577
5879,5219627
5880,5220333
5881,5220605
5882,5220670
5883,5222376
5884,5222382
5885,5222703
5886,5223606
5887,5224023
5888,5224298
5889,5224564
5890,5225279
5891,5225505
5892,5226304
5893,5226424
5894,5226431
5895,5226514
5896,5226603
5897,5226886
5898,5227647
5899,5227760
5900,5227915
5901,5228587
5902,5228736
5903,5228879
5904,5229055
5905,5229122
5906,5229983
5907,5230575
5908,5231885
5909,5232047
5910,5232347
5911,5233992
5912,5237525
5913,5238434
5914,5238617
5915,5238750
5916,5239301
5917,5239514
5918,5240787
5919,5240789
5920,5242614
5921,5243175
5922,5244181
5923,5244539
5924,5245359
5925,5245846
5926,5245855
5927,5246543
5928,5246808
5929,5247752
5930,5248139
5931,5249056
5932,5249430
5933,5250263
5934,5252045
5935,5252210
5936,5253184
5937,5253566
5938,5253922
5939,5254192
5940,5254423
5941,5254699
5942,5254741
5943,5254804
5944,5255348
5945,5255373
5946,5255742
5947,5256166
5948,5256519
5949,5257774
5950,5258295
5951,5258583
5952,5258669
5953,5258981
5954,5259318
5955,5259794
5956,5260700
5957,5260883
5958,5261357
5959,5261963
5960,5263250
5961,5263361
5962,5263993
5963,5265762
5964,5266094
5965,5267610
5966,5269708
5967,5270544
5968,5271748
5969,5272714
5970,5274327
5971,5274466
5972,5275157
5973,5277229
5974,5277625
5975,5278103
5976,5278609
5977,5278835
5978,5279255
5979,5279815
5980,5279949
5981,5280789
5982,5281267
5983,5282113
5984,5285559
5985,5286171
5986,5286259
5987,5286294
5988,5288182
5989,5290505
5990,5300790
5991,5300975
5992,5301466
5993,5302427
5994,5302765
5995,5303721
5996,5304470
5997,5305928
5998,5306396
5999,5308737
6000,5309601
6001,5310375
6002,5311426
6003,5311748
6004,5311790
6005,5311921
6006,5314474
6007,5318815
6008,5320391
6009,5324012
6010,5328015
6011,5330051
6012,5330156
6013,5331436
6014,5348686
6015,5350216
6016,5350338
6017,5352564
6018,5354624
6019,5355033
6020,5356553
6021,5361492
6022,5363941
6023,5364233
6024,5364507
6025,5366723
6026,5366854
6027,5367126
6028,5367509
6029,5367777
6030,5368010
6031,5368338
6032,5270174
6033,5291404
6034,5317182
6035,5254258
6036,6618013
6037,5244569
6038,5464907
6039,8360677
6040,5296931
6041,5385199
6042,10332151
6043,11012057
6044,5236579
6045,7097294
6046,5185313
6047,5190600
6048,5193062
6049,5198241
6050,5207557
6051,5214490
6052,5220856
6053,5228207
6054,5228749
6055,5238564
6056,5239513
6057,5185612
6058,5185668
6059,5185688
6060,5185843
6061,5186672
6062,5186840
6063,5186867
6064,5187216
6065,5189833
6066,5191686
6067,5197112
6068,5197626
6069,5197632
6070,5198543
6071,5184862
6072,5185459
6073,5190028
6074,5190365
6075,5191416
6076,5184999
6077,5187363
6078,5187654
6079,5189944
6080,5191690
6081,5192191
6082,5194415
6083,5194478
6084,5196228
6085,5199107
6086,5201013
6087,5210640
6088,5213615
6089,5214465
6090,5217434
6091,5222188
6092,5224063
6093,5224802
6094,5231502
6095,5243927
6096,5245744
6097,5249190
6098,5253185
6099,5255490
6100,5258462
6101,5264307
6102,5267009
6103,5271136
6104,5277482
6105,5280668
6106,5281571
6107,5284473
6108,5284584
6109,5284764
6110,5286020
6111,5287196
6112,5287787
6113,5297365
6114,5298216
6115,5298507
6116,5299075
6117,5303536
6118,5304860
6119,5305935
6120,5310490
6121,5311186
6122,5313985
6123,5317519
6124,5320181
6125,5332087
6126,5347466
6127,5360876
6128,5361498
6129,5366814
6130,5188674
6131,5185885
6132,5186076
6133,5188541
6134,5188782
6135,5189033
6136,5189868
6137,5190749
6138,5190864
6139,5191513
6140,5192327
6141,5193770
6142,5194851
6143,5195477
6144,5197301
6145,5201005
6146,5222642
6147,5229614
6148,9622195
6149,12569406
6150,12980843
6151,13144759
6152,5222845
6153,5288648
6154,5275122
6155,5222744
6156,5196186
6157,5208560
6158,5190477
6159,5227132
6160,5285274
6161,5244742
6162,5186682
6163,5298198
6164,5193626
6165,5455095
6166,5205120
6167,5277019
6168,5305222
6169,5366014
6170,5332834
6171,5192651
6172,5341885
6173,5361774
6174,5423734
6175,5206467
6176,5364527
6177,6929338
6178,5205857
6179,5202260
6180,5282436
6181,5260173
6182,5191005
6183,5222327
6184,5199191
6185,5276511
6186,5226316
6187,5298411
6188,5185219
6189,5266685
6190,5191498
6191,5262978
6192,5242574
6193,8387852
6194,5357444
6195,5367268
6196,5454486
6197,9593719
6198,9315314
6199,5232587
6200,5305282
6201,5188073
6202,5369241
6203,5452535
6204,5282942
6205,5216435
6206,5296514
6207,5291829
6208,5217351
6209,5932039
6210,5277998
6211,5935487
6212,5313946
6213,5548106
6214,5250858
6215,5344214
6216,5204982
6217,5246851
6218,5581630
6219,5368726
6220,6857911
6221,5264927
6222,5205262
6223,7195325
6224,5204950
6225,5184768
6226,5196303
6227,8826065
6228,9148190
6229,5341022
6230,5184918
6231,5200811
6232,5350880
6233,5254260
6234,5206103
6235,10581896
6236,5363374
6237,5277032
6238,11689034
6239,9581823
6240,11643467
6241,11821686
6242,5284802
6243,5189616
6244,12095772
6245,9309505
6246,12097810
6247,5306421
6248,5458437
6249,5367646
6250,5299766
6251,5296319
6252,5194029
6253,5192584
6254,11021503
6255,5302219
6256,13291094
6257,5356171
6258,5225136
6259,5298081
6260,13221220
6261,5225395
6262,13920591
6263,13807869
6264,12443403
6265,5272653
6266,5253141
6267,5197334
6268,6578097
6269,5184845
6270,5185127
6271,5281818
6272,5190335
6273,5317145
6274,5209234
6275,5199293
6276,5218297
6277,7860542
6278,5274624
6279,7930448
6280,5221625
6281,5306572
6282,8311211
6283,9038026
6284,5283819
6285,5220968
6286,5187154
6287,5202799
6288,5273354
6289,5247756
6290,5213495
6291,5207194
6292,5251447
6293,5202743
6294,12397228
6295,11220354
6296,5309007
6297,5208017
6298,7880255
6299,5260208
6300,13226035
6301,5369215
6302,5329109
6303,5369513
6304,5191520
6305,5185327
6306,5249751
6307,5214792
6308,5342354
6309,6064559
6310,6200048
6311,5359925
6312,5204409
6313,6213868
6314,6264113
6315,6412273
6316,6579231
6317,5192431
6318,5361434
6319,5192512
6320,5260214
6321,5245400
6322,5196737
6323,5277617
6324,5188747
6325,5185450
6326,5441505
6327,5466994
6328,7821805
6329,5295005
6330,5354957
6331,6113871
6332,7916814
6333,5215497
6334,6894060
6335,5339635
6336,8117685
6337,8397267
6338,8424791
6339,5185961
6340,5217486
6341,8611826
6342,5198400
6343,5203876
6344,5223413
6345,5225585
6346,5274189
6347,9049047
6348,5435012
6349,8612017
6350,8846430
6351,9198004
6352,5317871
6353,5263809
6354,9257658
6355,8614152
6356,5190316
6357,9527983
6358,5210282
6359,9808968
6360,5278516
6361,5203817
6362,5317590
6363,5185833
6364,5284549
6365,11444840
6366,5317438
6367,5285539
6368,11583579
6369,5444054
6370,6516972
6371,5353056
6372,12696099
6373,5195149
6374,12866279
6375,5212635
6376,5253266
6377,5194233
6378,12725472
6379,5185607
6380,12288653
6381,5194574
6382,5208284
6383,5206924
6384,5188991
6385,5189109
6386,5326497
6387,5192533
6388,5300184
6389,5282862
6390,5308778
6391,5185991
6392,5188050
6393,5222381
6394,5288071
6395,5264167
6396,5217278
6397,5255386
6398,5205665
6399,9622266
6400,5205589
6401,5361808
6402,5214673
6403,5199085
6404,5347114
6405,5206752
6406,5308402
6407,5368841
6408,5368663
6409,5188542
6410,5251577
6411,5453978
6412,5315702
6413,5188270
6414,5262632
6415,6704016
6416,5288524
6417,5228762
6418,5195497
6419,5233792
6420,5261095
6421,5231740
6422,5265190
6423,5367629
6424,5255133
6425,6289159
6426,9500157
6427,5202898
6428,5190387
6429,5205023
6430,5233271
6431,5251260
6432,5315763
6433,5303375
6434,5274899
6435,5185925
6436,5314981
6437,5215762
6438,5245806
6439,5202735
6440,5257216
6441,5241435
6442,5202574
6443,5202033
6444,5203505
6445,5336849
6446,5245384
6447,5212066
6448,5200899
6449,5368276
6450,5268729
6451,5201567
6452,5206002
6453,5249135
6454,5206829
6455,5399146
6456,5330570
6457,9294462
6458,5186644
6459,5194704
6460,5420003
6461,5287163
6462,5283054
6463,5252822
6464,9231936
6465,5318061
6466,10336537
6467,5191293
6468,11086006
6469,5246530
6470,5189171
6471,5368874
6472,5301732
6473,5194203
6474,5609292
6475,5299352
6476,5228840
6477,5227753
6478,5207485
6479,5300621
6480,5369356
6481,5192992
6482,5191402
6483,5797116
6484,5221385
6485,5219359
6486,5920579
6487,6122289
6488,5279667
6489,5315048
6490,5280382
6491,5212649
6492,6666653
6493,6795062
6494,5368045
6495,5214903
6496,5425598
6497,5208459
6498,5268195
6499,5201317
6500,5194175
6501,5201238
6502,5268199
6503,6185045
6504,5212354
6505,5193916
6506,8196845
6507,5261074
6508,5185623
6509,5216137
6510,5230335
6511,5232034
6512,8877043
6513,8587257
6514,5447110
6515,5247960
6516,5989575
6517,10499950
6518,5239324
6519,5313285
6520,10440070
6521,11069042
6522,5187901
6523,11076338
6524,9321925
6525,5335520
6526,5210854
6527,5229774
6528,5290047
6529,5202381
6530,5272172
6531,5303051
6532,5259932
6533,10319942
6534,5369144
6535,5191776
6536,5366999
6537,5259615
6538,12236254
6539,12209535
6540,5237608
6541,5215778
6542,5192982
6543,5226252
6544,5309220
6545,5346188
6546,10174106
6547,5205791
6548,5293295
6549,5222913
6550,5277662
6551,5245308
6552,5204708
6553,5279758
6554,10847663
6555,5240558
6556,5201932
6557,5333340
6558,12663504
6559,12828127
6560,9297740
6561,5239255
6562,13016183
6563,5499358
6564,5244277
6565,13538745
6566,13217190
6567,13087034
6568,5467898
